,0,1
0,trend_sma_fast,0.44199502
1,trend_ema_fast,0.40623346
2,volatility_bbh,0.024111351
3,volatility_bbl,0.022363732
4,volume_nvi,0.02068589
5,trend_ichimoku_conv,0.018461585
6,trend_psar_up,0.017292406
7,volatility_dch,0.007067397
8,volatility_kch,0.006584006
9,trend_visual_ichimoku_b,0.005769867
10,volume_obv,0.0052803983
11,trend_ichimoku_base,0.002950775
12,volatility_dcl,0.002588587
13,trend_visual_ichimoku_a,0.0023620764
14,trend_ichimoku_b,0.002352682
15,momentum_kama,0.0020922718
16,others_cr,0.001796222
17,volatility_atr,0.0017453068
18,volatility_kcl,0.0010619456
19,volume_adi,0.00069918926
20,volatility_dcp,0.00066439505
21,volume_vpt,0.0006457525
22,volatility_kcp,0.0005457028
23,trend_macd,0.0004394693
24,momentum_tsi,0.00038615576
25,momentum_rsi,0.0003590363
26,volatility_bbp,0.00032587943
27,momentum_ppo,0.00030360575
28,momentum_roc,0.0002799964
29,volume_fi,0.0002676058
30,trend_aroon_ind,0.0001794792
31,momentum_ppo_hist,0.00017526998
32,momentum_stoch,0.00012299752
33,trend_macd_diff,0.00012033899
34,trend_kst_sig,0.00011758785
35,volatility_kcw,9.008636e-05
36,trend_macd_signal,7.993244e-05
37,trend_adx_neg,7.755011e-05
38,trend_psar_down,6.46385e-05
39,volume_sma_em,6.2989915e-05
40,volatility_dcw,6.0093043e-05
41,others_dr,5.6914447e-05
42,trend_stc,5.2915235e-05
43,volume_em,5.1829917e-05
44,trend_trix,5.1172578e-05
45,trend_adx,4.9919745e-05
46,momentum_pvo,4.7981168e-05
47,trend_adx_pos,4.729629e-05
48,volume_cmf,4.449438e-05
49,pct_change,4.297122e-05
50,trend_kst,4.1476193e-05
51,momentum_stoch_signal,3.6459984e-05
52,trend_ema_slow,3.3653927e-05
53,trend_sma_slow,3.3351273e-05
54,volatility_ui,3.275509e-05
55,Change,3.22491e-05
56,momentum_ppo_signal,3.173199e-05
57,trend_aroon_up,3.1030686e-05
58,volatility_bbw,2.7242448e-05
59,trend_mass_index,2.602813e-05
60,volatility_dcm,2.586499e-05
61,trend_kst_diff,2.5520498e-05
62,momentum_pvo_signal,2.4767272e-05
63,volume_mfi,2.2320728e-05
64,trend_ichimoku_a,2.197594e-05
65,momentum_uo,2.1904885e-05
66,momentum_pvo_hist,1.918423e-05
67,momentum_stoch_rsi_k,1.9051738e-05
68,momentum_stoch_rsi_d,1.8871404e-05
69,momentum_ao,1.8532102e-05
70,momentum_stoch_rsi,1.73734e-05
71,volatility_bbm,1.6232463e-05
72,trend_aroon_down,1.618854e-05
73,trend_vortex_ind_neg,1.4998931e-05
74,volume_vwap,1.4831422e-05
75,volatility_kcc,1.44099e-05
76,trend_vortex_ind_pos,1.3787373e-05
77,trend_vortex_ind_diff,1.1611159e-05
78,trend_dpo,1.0463276e-05
79,Volume,1.0116475e-05
80,trend_cci,7.841219e-06
81,volatility_bbhi,0.0
82,volatility_bbli,0.0
83,volatility_kchi,0.0
84,volatility_kcli,0.0
85,trend_psar_up_indicator,0.0
86,trend_psar_down_indicator,0.0
87,momentum_wr,0.0
88,others_dlr,0.0
