,Theme,Name,Code
0,화이자(PFIZER),제주반도체,80220
1,화이자(PFIZER),대한약품,23910
2,화이자(PFIZER),유한양행,100
3,화이자(PFIZER),파미셀,5690
4,화이자(PFIZER),제일약품,271980
5,화이자(PFIZER),서울제약,18680
6,화이자(PFIZER),그린생명과학,114450
7,전자결제(전자화폐),인포뱅크,39290
8,전자결제(전자화폐),SBI핀테크솔루션즈,950110
9,전자결제(전자화폐),인포바인,115310
10,전자결제(전자화폐),한국정보통신,25770
11,전자결제(전자화폐),KG모빌리언스,46440
12,전자결제(전자화폐),카페24,42000
13,전자결제(전자화폐),쿠콘,294570
14,전자결제(전자화폐),NHN,181710
15,전자결제(전자화폐),다날,64260
16,전자결제(전자화폐),카카오페이,377300
17,전자결제(전자화폐),KG이니시스,35600
18,전자결제(전자화폐),NHN KCP,60250
19,전자결제(전자화폐),갤럭시아머니트리,94480
20,전자결제(전자화폐),헥토파이낸셜,234340
21,터치패널(스마트폰/태블릿PC등),베셀,177350
22,터치패널(스마트폰/태블릿PC등),토비스,51360
23,터치패널(스마트폰/태블릿PC등),유아이디,69330
24,터치패널(스마트폰/태블릿PC등),이미지스,115610
25,터치패널(스마트폰/태블릿PC등),파인텍,131760
26,터치패널(스마트폰/태블릿PC등),에코볼트,97780
27,터치패널(스마트폰/태블릿PC등),미래나노텍,95500
28,터치패널(스마트폰/태블릿PC등),하이딥,365590
29,터치패널(스마트폰/태블릿PC등),일진디스플,20760
39,증강현실(AR),위지윅스튜디오,299900
40,증강현실(AR),덱스터,206560
41,증강현실(AR),세코닉스,53450
42,증강현실(AR),맥스트,377030
43,증강현실(AR),텔레칩스,54450
44,증강현실(AR),비유테크놀러지,230980
45,증강현실(AR),드래곤플라이,30350
46,증강현실(AR),디모아,16670
47,증강현실(AR),에스넷,38680
48,증강현실(AR),팅크웨어,84730
49,증강현실(AR),신도기연,290520
50,증강현실(AR),버넥트,438700
51,증강현실(AR),가온그룹,78890
52,증강현실(AR),라온텍,418420
53,증강현실(AR),이랜텍,54210
54,증강현실(AR),아이엠,101390
55,증강현실(AR),엔씨소프트,36570
56,증강현실(AR),엠게임,58630
57,증강현실(AR),이노시뮬레이션,274400
58,증강현실(AR),젬백스링크,64800
60,UAM(도심항공모빌리티),LIG넥스원,79550
61,UAM(도심항공모빌리티),남성,4270
62,UAM(도심항공모빌리티),한화시스템,272210
63,UAM(도심항공모빌리티),켄코아에어로스페이스,274090
64,UAM(도심항공모빌리티),퍼스텍,10820
65,UAM(도심항공모빌리티),KT,30200
66,UAM(도심항공모빌리티),넥센타이어,2350
67,UAM(도심항공모빌리티),파이버프로,368770
68,UAM(도심항공모빌리티),카카오,35720
69,UAM(도심항공모빌리티),제주항공,89590
70,UAM(도심항공모빌리티),한국항공우주,47810
71,UAM(도심항공모빌리티),기산텔레콤,35460
72,UAM(도심항공모빌리티),네온테크,306620
73,UAM(도심항공모빌리티),한화에어로스페이스,12450
74,UAM(도심항공모빌리티),하이즈항공,221840
75,UAM(도심항공모빌리티),서연이화,200880
76,UAM(도심항공모빌리티),GS,78930
77,UAM(도심항공모빌리티),한국카본,17960
78,UAM(도심항공모빌리티),LG유플러스,32640
79,UAM(도심항공모빌리티),SK텔레콤,17670
80,UAM(도심항공모빌리티),대한항공,3490
81,UAM(도심항공모빌리티),현대차,5380
82,UAM(도심항공모빌리티),현대건설,720
84,항공기부품,아스트,67390
86,항공기부품,오르비텍,46120
90,항공기부품,현대위아,11210
91,항공기부품,이엠코리아,95190
94,항공기부품,휴니드,5870
95,항공기부품,두산에너빌리티,34020
96,화폐/금융자동화기기(디지털화폐 등),한네트,52600
97,화폐/금융자동화기기(디지털화폐 등),로지시스,67730
98,화폐/금융자동화기기(디지털화폐 등),케이씨티,89150
99,화폐/금융자동화기기(디지털화폐 등),케이씨에스,115500
100,화폐/금융자동화기기(디지털화폐 등),한국전자금융,63570
101,화폐/금융자동화기기(디지털화폐 등),푸른기술,94940
102,화폐/금융자동화기기(디지털화폐 등),풍산,103140
103,화폐/금융자동화기기(디지털화폐 등),프리엠스,53160
104,화폐/금융자동화기기(디지털화폐 등),누리플렉스,40160
107,영상콘텐츠,래몽래인,200350
109,영상콘텐츠,NEW,160550
110,영상콘텐츠,스튜디오미르,408900
111,영상콘텐츠,포바이포,389140
112,영상콘텐츠,스튜디오산타클로스,204630
113,영상콘텐츠,자이언트스텝,289220
114,영상콘텐츠,쇼박스,86980
115,영상콘텐츠,에이스토리,241840
116,영상콘텐츠,대원미디어,48910
117,영상콘텐츠,콘텐트리중앙,36420
118,영상콘텐츠,SAMG엔터,419530
119,영상콘텐츠,애니플러스,310200
120,영상콘텐츠,KX,122450
121,영상콘텐츠,바른손,18700
122,영상콘텐츠,삼화네트웍스,46390
123,영상콘텐츠,CJ ENM,35760
124,영상콘텐츠,SM C&C,48550
125,영상콘텐츠,SM Life Design,63440
126,영상콘텐츠,캐리소프트,317530
127,영상콘텐츠,케이티알파,36030
128,영상콘텐츠,키이스트,54780
129,영상콘텐츠,에프엔씨엔터,173940
130,영상콘텐츠,바른손이앤에이,35620
131,영상콘텐츠,JYP Ent.,35900
132,영상콘텐츠,팬엔터테인먼트,68050
133,영상콘텐츠,SBS콘텐츠허브,46140
134,영상콘텐츠,코퍼스코리아,322780
135,영상콘텐츠,큐로홀딩스,51780
136,영상콘텐츠,SBS,34120
137,영상콘텐츠,스튜디오드래곤,253450
138,영상콘텐츠,빅텐츠,210120
139,영상콘텐츠,와이랩,432430
140,광고,와이더플래닛,321820
141,광고,FSN,214270
142,광고,엔피,291230
143,광고,오리콤,10470
144,광고,나스미디어,89600
145,광고,레뷰코퍼레이션,443250
146,광고,와이즈버즈,273060
147,광고,케어랩스,263700
148,광고,인크로스,216050
150,광고,비케이홀딩스,50090
151,광고,HS애드,35000
152,광고,지어소프트,51160
153,광고,이엠넷,123570
154,광고,YG PLUS,37270
155,광고,모비데이즈,363260
156,광고,엔비티,236810
157,광고,제일기획,30000
158,광고,이노션,214320
159,광고,아시아경제,127710
160,광고,에코마케팅,230360
161,광고,플레이디,237820
163,지능형로봇/인공지능(AI),로보티즈,108490
164,지능형로봇/인공지능(AI),고영,98460
165,지능형로봇/인공지능(AI),라온피플,300120
166,지능형로봇/인공지능(AI),유진로봇,56080
167,지능형로봇/인공지능(AI),알에프세미,96610
168,지능형로봇/인공지능(AI),알체라,347860
169,지능형로봇/인공지능(AI),로보스타,90360
170,지능형로봇/인공지능(AI),링크제니시스,219420
171,지능형로봇/인공지능(AI),엠로,58970
172,지능형로봇/인공지능(AI),인포마크,175140
173,지능형로봇/인공지능(AI),삼성에스디에스,18260
174,지능형로봇/인공지능(AI),크라우드웍스,355390
176,지능형로봇/인공지능(AI),모아데이타,288980
177,지능형로봇/인공지능(AI),에브리봇,270660
178,지능형로봇/인공지능(AI),로보로보,215100
179,지능형로봇/인공지능(AI),휴림로봇,90710
180,지능형로봇/인공지능(AI),티로보틱스,117730
181,지능형로봇/인공지능(AI),스맥,99440
182,지능형로봇/인공지능(AI),데이타솔루션,263800
183,지능형로봇/인공지능(AI),줌인터넷,239340
184,지능형로봇/인공지능(AI),큐렉소,60280
185,지능형로봇/인공지능(AI),브레인즈컴퍼니,99390
186,지능형로봇/인공지능(AI),핀텔,291810
187,지능형로봇/인공지능(AI),미래컴퍼니,49950
188,지능형로봇/인공지능(AI),트윔,290090
189,지능형로봇/인공지능(AI),코난테크놀로지,402030
190,지능형로봇/인공지능(AI),에이디칩스,54630
191,지능형로봇/인공지능(AI),오픈베이스,49480
193,지능형로봇/인공지능(AI),네패스,33640
194,지능형로봇/인공지능(AI),러셀,217500
195,지능형로봇/인공지능(AI),유일로보틱스,388720
197,지능형로봇/인공지능(AI),LG전자,66570
198,지능형로봇/인공지능(AI),네오펙트,290660
199,지능형로봇/인공지능(AI),한국전자인증,41460
200,지능형로봇/인공지능(AI),모비스,250060
201,지능형로봇/인공지능(AI),오브젠,417860
202,지능형로봇/인공지능(AI),엑셈,205100
203,지능형로봇/인공지능(AI),셀바스AI,108860
204,지능형로봇/인공지능(AI),위세아이텍,65370
205,지능형로봇/인공지능(AI),영우디에스피,143540
206,지능형로봇/인공지능(AI),바이브컴퍼니,301300
207,지능형로봇/인공지능(AI),마음AI,377480
208,지능형로봇/인공지능(AI),씨유박스,340810
209,지능형로봇/인공지능(AI),솔트룩스,304100
210,지능형로봇/인공지능(AI),비플라이소프트,148780
211,RFID(NFC 등),에이스테크,88800
212,RFID(NFC 등),소니드,60230
213,RFID(NFC 등),아모텍,52710
214,RFID(NFC 등),엑스큐어,70300
215,RFID(NFC 등),이루온,65440
218,RFID(NFC 등),코나아이,52400
219,RFID(NFC 등),빅텍,65450
220,RFID(NFC 등),에이텍모빌리티,224110
221,RFID(NFC 등),SK스퀘어,402340
222,RFID(NFC 등),삼성전자,5930
223,RFID(NFC 등),유비벨록스,89850
224,RFID(NFC 등),파트론,91700
225,RFID(NFC 등),SK,34730
227,RFID(NFC 등),에이루트,96690
231,가상현실(VR),지니뮤직,43610
232,가상현실(VR),데브시스터즈,194480
234,가상현실(VR),에스피지,58610
235,가상현실(VR),아프리카TV,67160
236,가상현실(VR),스코넥,276040
239,가상현실(VR),하이비젼시스템,126700
240,가상현실(VR),동운아나텍,94170
241,가상현실(VR),시공테크,20710
242,가상현실(VR),나무가,190510
245,가상현실(VR),에스코넥,96630
246,가상현실(VR),토탈소프트,45340
249,가상현실(VR),제이씨현시스템,33320
251,가상현실(VR),큐에스아이,66310
254,가상현실(VR),와이제이엠게임즈,193250
255,가상현실(VR),칩스앤미디어,94360
257,가상현실(VR),하이소닉,106080
258,가상현실(VR),한빛소프트,47080
260,메타버스(Metaverse),EDGC,245620
263,메타버스(Metaverse),주연테크,44380
267,메타버스(Metaverse),LG이노텍,11070
270,메타버스(Metaverse),대성창투,27830
272,메타버스(Metaverse),웨이버스,336060
273,메타버스(Metaverse),뉴프렉스,85670
275,메타버스(Metaverse),아진엑스텍,59120
276,메타버스(Metaverse),이노뎁,303530
277,메타버스(Metaverse),선익시스템,171090
279,메타버스(Metaverse),컴투스,78340
280,메타버스(Metaverse),핑거,163730
283,메타버스(Metaverse),옵티시스,109080
284,메타버스(Metaverse),미투온,201490
288,메타버스(Metaverse),다보링크,340360
289,메타버스(Metaverse),비비안,2070
290,메타버스(Metaverse),펄어비스,263750
291,메타버스(Metaverse),iMBC,52220
293,메타버스(Metaverse),씨이랩,189330
294,메타버스(Metaverse),코세스,89890
295,메타버스(Metaverse),디어유,376300
304,메타버스(Metaverse),비트나인,357880
306,메타버스(Metaverse),크레버스,96240
309,메타버스(Metaverse),엘엠에스,73110
312,메타버스(Metaverse),NAVER,35420
313,메타버스(Metaverse),한글과컴퓨터,30520
314,메타버스(Metaverse),넵튠,217270
316,엔터테인먼트,티엔엔터테인먼트,131100
318,엔터테인먼트,알비더블유,361570
320,엔터테인먼트,TJ미디어,32540
332,엔터테인먼트,판타지오,32800
334,엔터테인먼트,큐브엔터,182360
335,엔터테인먼트,아이오케이,78860
338,엔터테인먼트,하이브,352820
339,엔터테인먼트,에스엠,41510
340,엔터테인먼트,와이지엔터테인먼트,122870
341,엔터테인먼트,갤럭시아에스엠,11420
342,엔터테인먼트,아센디오,12170
344,의료AI,코어라인소프트,384470
345,의료AI,루닛,328130
346,의료AI,제이엘케이,322510
347,의료AI,딥노이드,315640
348,의료AI,라이프시맨틱스,347700
350,의료AI,인성정보,33230
351,의료AI,뷰노,338220
352,의료AI,토마토시스템,393210
353,의료AI,신테카바이오,226330
354,의료AI,노을,376930
356,의료AI,엔젠바이오,354200
357,의료AI,젠큐릭스,229000
358,의료AI,비스토스,419540
359,의료AI,셀바스헬스케어,208370
361,의료AI,이지케어텍,99750
362,의료AI,셀루메드,49180
363,의료AI,파로스아이바이오,388870
364,의료AI,드림씨아이에스,223250
365,의료AI,랩지노믹스,84650
366,의료AI,디엔에이링크,127120
368,우주항공산업(누리호/인공위성 등),컨텍,451760
370,우주항공산업(누리호/인공위성 등),AP위성,211270
373,우주항공산업(누리호/인공위성 등),비츠로테크,42370
375,우주항공산업(누리호/인공위성 등),쎄트렉아이,99320
377,우주항공산업(누리호/인공위성 등),에스에프에이,56190
378,우주항공산업(누리호/인공위성 등),인텔리안테크,189300
380,우주항공산업(누리호/인공위성 등),한양이엔지,45100
381,우주항공산업(누리호/인공위성 등),서남,294630
382,우주항공산업(누리호/인공위성 등),이수페타시스,7660
383,우주항공산업(누리호/인공위성 등),제노코,361390
384,우주항공산업(누리호/인공위성 등),한양디지텍,78350
385,우주항공산업(누리호/인공위성 등),덕산하이메탈,77360
386,우주항공산업(누리호/인공위성 등),현대로템,64350
387,우주항공산업(누리호/인공위성 등),한화,880
389,우주항공산업(누리호/인공위성 등),태웅,44490
391,스마트카(SMART CAR),오비고,352910
393,스마트카(SMART CAR),MDS테크,86960
395,스마트카(SMART CAR),커머스마이너,223310
396,스마트카(SMART CAR),아이에이,38880
398,스마트카(SMART CAR),모트렉스,118990
399,스마트카(SMART CAR),모바일어플라이언스,87260
400,스마트카(SMART CAR),DB하이텍,990
402,스마트카(SMART CAR),엠씨넥스,97520
403,스마트카(SMART CAR),현대모비스,12330
404,스마트카(SMART CAR),HL만도,204320
405,차량용블랙박스,THE MIDONG,161570
406,차량용블랙박스,시너지이노베이션,48870
408,차량용블랙박스,앤씨앤,92600
409,차량용블랙박스,파인디지털,38950
412,차량용블랙박스,백금T&A,46310
416,마리화나(대마),우리바이오,82850
417,마리화나(대마),오성첨단소재,52420
418,마리화나(대마),세토피아,222810
419,마리화나(대마),엔에프씨,265740
420,마리화나(대마),HLB바이오스텝,278650
421,마리화나(대마),한국비엔씨,256840
422,마리화나(대마),화일약품,61250
423,마리화나(대마),아이큐어,175250
424,마리화나(대마),애머릿지,900100
425,마리화나(대마),메디콕스,54180
426,마리화나(대마),비엘팜텍,65170
429,방위산업/전쟁 및 테러,아이쓰리시스템,214430
430,방위산업/전쟁 및 테러,코츠테크놀로지,448710
432,방위산업/전쟁 및 테러,대성하이텍,129920
437,방위산업/전쟁 및 테러,우리기술,32820
438,방위산업/전쟁 및 테러,SNT다이내믹스,3570
440,방위산업/전쟁 및 테러,풍산홀딩스,5810
442,방위산업/전쟁 및 테러,코콤,15710
444,방위산업/전쟁 및 테러,평화산업,90080
445,방위산업/전쟁 및 테러,혜인,3010
448,방위산업/전쟁 및 테러,STX엔진,77970
449,방위산업/전쟁 및 테러,한일단조,24740
451,방위산업/전쟁 및 테러,대양전기공업,108380
452,방위산업/전쟁 및 테러,한컴라이프케어,372910
454,방위산업/전쟁 및 테러,이지트로닉스,377330
456,방위산업/전쟁 및 테러,SNT모티브,64960
459,방위산업/전쟁 및 테러,스페코,13810
460,방위산업/전쟁 및 테러,웰크론,65950
462,방위산업/전쟁 및 테러,HJ중공업,97230
463,방위산업/전쟁 및 테러,쌍용정보통신,10280
464,방위산업/전쟁 및 테러,기아,270
466,방위산업/전쟁 및 테러,웨이브일렉트로,95270
470,방위산업/전쟁 및 테러,삼영이엔씨,65570
472,방위산업/전쟁 및 테러,한화오션,42660
473,방위산업/전쟁 및 테러,국영지앤엠,6050
474,방위산업/전쟁 및 테러,YTN,40300
475,방위산업/전쟁 및 테러,HD한국조선해양,9540
476,방위산업/전쟁 및 테러,포메탈,119500
477,방위산업/전쟁 및 테러,STX,11810
478,로봇(산업용/협동로봇 등),피제이전자,6140
479,로봇(산업용/협동로봇 등),두산로보틱스,454910
480,로봇(산업용/협동로봇 등),레인보우로보틱스,277810
481,로봇(산업용/협동로봇 등),에스비비테크,389500
483,로봇(산업용/협동로봇 등),이랜시스,264850
485,로봇(산업용/협동로봇 등),뉴로메카,348340
486,로봇(산업용/협동로봇 등),우림피티에스,101170
487,로봇(산업용/협동로봇 등),제우스,79370
491,로봇(산업용/협동로봇 등),알에스오토메이션,140670
495,로봇(산업용/협동로봇 등),삼익THK,4380
497,로봇(산업용/협동로봇 등),에스피시스템스,317830
498,로봇(산업용/협동로봇 등),대동,490
499,로봇(산업용/협동로봇 등),브이원텍,251630
500,로봇(산업용/협동로봇 등),신성델타테크,65350
501,로봇(산업용/협동로봇 등),티피씨글로벌,130740
502,로봇(산업용/협동로봇 등),싸이맥스,160980
503,로봇(산업용/협동로봇 등),케이피에프,24880
504,로봇(산업용/협동로봇 등),디아이씨,92200
505,로봇(산업용/협동로봇 등),코닉오토메이션,391710
506,로봇(산업용/협동로봇 등),TPC,48770
507,로봇(산업용/협동로봇 등),휴림네트웍스,192410
508,로봇(산업용/협동로봇 등),라온테크,232680
510,로봇(산업용/협동로봇 등),해성티피씨,59270
512,로봇(산업용/협동로봇 등),서암기계공업,100660
513,로봇(산업용/협동로봇 등),대동기어,8830
514,로봇(산업용/협동로봇 등),현대무벡스,319400
515,로봇(산업용/협동로봇 등),두산,150
521,드론(Drone),피씨디렉트,51380
524,드론(Drone),인지컨트롤스,23800
527,드론(Drone),티쓰리,204610
531,드론(Drone),한컴위드,54920
538,드론(Drone),매커스,93520
540,드론(Drone),디티앤씨,187220
542,드론(Drone),스마트레이더시스템,424960
543,전선,LS전선아시아,229640
544,전선,일진전기,103590
545,전선,대원전선,6340
546,전선,LS,6260
547,전선,KBI메탈,24840
548,전선,대한전선,1440
549,전선,가온전선,500
550,초전도체,씨씨에스,66790
551,초전도체,덕성,4830
553,초전도체,인지디스플레,37330
555,초전도체,파워로직스,47310
557,초전도체,원익피앤이,217820
558,초전도체,LS ELECTRIC,10120
559,초전도체,고려제강,2240
562,초전도체,탑엔지니어링,65130
573,자율주행차,디와이,13570
576,자율주행차,드림텍,192650
578,자율주행차,퓨런티어,370090
580,자율주행차,라닉스,317120
581,자율주행차,KG모빌리티,3620
584,자율주행차,유니트론텍,142210
585,자율주행차,캠시스,50110
586,자율주행차,한국단자,25540
589,자율주행차,SK하이닉스,660
590,자율주행차,넥스트칩,396270
591,자율주행차,라이콤,388790
592,자율주행차,에이테크솔루션,71670
593,자율주행차,삼보모터스,53700
595,자율주행차,삼성전기,9150
597,자율주행차,코리아에프티,123410
599,자율주행차,디에이테크놀로지,196490
604,자율주행차,DH오토웨어,25440
605,자율주행차,옵트론텍,82210
609,자율주행차,유니퀘스트,77500
610,자율주행차,현대오토에버,307950
611,자율주행차,트루윈,105550
612,자율주행차,켐트로닉스,89010
617,5G(5세대 이동통신),RFHIC,218410
618,5G(5세대 이동통신),케이엠더블유,32500
619,5G(5세대 이동통신),쏠리드,50890
620,5G(5세대 이동통신),오이솔루션,138080
621,5G(5세대 이동통신),우리로,46970
622,5G(5세대 이동통신),와이팜,332570
624,5G(5세대 이동통신),오파스넷,173130
625,5G(5세대 이동통신),이노와이어리스,73490
627,5G(5세대 이동통신),센서뷰,321370
628,5G(5세대 이동통신),코스텍시스,355150
629,5G(5세대 이동통신),대한광통신,10170
630,5G(5세대 이동통신),에치에프알,230240
631,5G(5세대 이동통신),피피아이,62970
633,5G(5세대 이동통신),쏘닉스,88280
634,5G(5세대 이동통신),자람테크놀로지,389020
635,5G(5세대 이동통신),기가레인,49080
636,5G(5세대 이동통신),옵티코어,380540
638,5G(5세대 이동통신),와이솔,122990
639,5G(5세대 이동통신),와이어블,65530
641,5G(5세대 이동통신),우리넷,115440
642,5G(5세대 이동통신),나무기술,242040
643,5G(5세대 이동통신),코위버,56360
647,5G(5세대 이동통신),아이크래프트,52460
648,5G(5세대 이동통신),엔텔스,69410
651,5G(5세대 이동통신),서진시스템,178320
652,5G(5세대 이동통신),이노인스트루먼트,215790
654,5G(5세대 이동통신),텔코웨어,78000
655,5G(5세대 이동통신),에프알텍,73540
656,5G(5세대 이동통신),유비쿼스,264450
660,5G(5세대 이동통신),삼지전자,37460
661,5G(5세대 이동통신),알에프텍,61040
662,5G(5세대 이동통신),라이트론,69540
663,5G(5세대 이동통신),PI첨단소재,178920
664,5G(5세대 이동통신),대덕전자,353200
665,5G(5세대 이동통신),텔레필드,91440
668,쿠팡(coupang),알로이스,297570
670,쿠팡(coupang),팬스타엔터프라이즈,54300
671,쿠팡(coupang),미래생명자원,218150
673,쿠팡(coupang),태경케미컬,6890
675,쿠팡(coupang),동방,4140
676,쿠팡(coupang),서울식품,4410
677,쿠팡(coupang),흥국에프엔비,189980
679,쿠팡(coupang),한국전자홀딩스,6200
681,쿠팡(coupang),KCTC,9070
682,쿠팡(coupang),오텍,67170
683,쿠팡(coupang),아이스크림에듀,289010
684,쿠팡(coupang),ESR켄달스퀘어리츠,365550
696,통신장비,RF머트리얼즈,327260
699,통신장비,CS,65770
701,통신장비,머큐리,100590
704,통신장비,파이오링크,170790
707,통신장비,스카이문스테크놀로지,33790
717,통신장비,다산네트웍스,39560
721,통신장비,빛샘전자,72950
725,통신장비,텔콘RF제약,200230
727,통신장비,알엔투테크놀로지,148250
738,영화,쎄니트,37760
739,영화,롯데쇼핑,23530
740,영화,CJ CGV,79160
741,영화,세기상사,2420
745,스마트팩토리(스마트공장),팸텍,271830
748,스마트팩토리(스마트공장),이삭엔지니어링,351330
751,스마트팩토리(스마트공장),엠아이큐브솔루션,373170
752,스마트팩토리(스마트공장),엠투아이,347890
757,스마트팩토리(스마트공장),동국알앤에스,75970
762,스마트팩토리(스마트공장),티라유텍,322180
766,스마트팩토리(스마트공장),코윈테크,282880
767,스마트팩토리(스마트공장),더존비즈온,12510
768,스마트팩토리(스마트공장),효성ITX,94280
769,스마트팩토리(스마트공장),톱텍,108230
770,스마트팩토리(스마트공장),바이옵트로,222160
772,스마트팩토리(스마트공장),한신기계,11700
773,스마트팩토리(스마트공장),LG,3550
774,스마트팩토리(스마트공장),에스엠코어,7820
775,스마트팩토리(스마트공장),비엠티,86670
777,스마트팩토리(스마트공장),포스코DX,22100
780,LCD장비,HB솔루션,297890
781,LCD장비,넥스트아이,137940
783,LCD장비,아바코,83930
784,LCD장비,신성이엔지,11930
787,LCD장비,예스티,122640
788,LCD장비,엘오티베큠,83310
789,LCD장비,케이엔제이,272110
790,LCD장비,윈텍,320000
792,LCD장비,로체시스템즈,71280
793,LCD장비,HB테크놀러지,78150
794,LCD장비,디에스케이,109740
796,LCD장비,DMS,68790
798,LCD장비,에스엔유,80000
800,LCD장비,비아트론,141000
801,LCD장비,인베니아,79950
802,LCD장비,AP시스템,265520
803,LCD장비,피엔티엠에스,257370
805,LCD장비,포인트엔지니어링,256630
806,LCD장비,원익IPS,240810
807,LCD장비,스마트솔루션즈,136510
808,LCD장비,피엔티,137400
809,LCD장비,상아프론테크,89980
810,LCD장비,참엔지니어링,9310
811,LCD장비,디이엔티,79810
812,LCD장비,이엘피,63760
813,LCD장비,동아엘텍,88130
814,LCD장비,아이씨디,40910
815,LCD장비,케이씨텍,281820
816,LCD장비,씨앤지하이테크,264660
817,LCD장비,주성엔지니어링,36930
818,LCD장비,디아이티,110990
819,LCD장비,제이스텍,90470
820,LCD장비,테크윙,89030
821,LCD장비,에스티아이,39440
823,카지노,코텍,52330
824,카지노,파라다이스,34230
825,카지노,GKL,114090
826,카지노,강원랜드,35250
827,카지노,롯데관광개발,32350
830,제4이동통신,콤텍시스템,31820
831,제4이동통신,광무,29480
832,제4이동통신,세종텔레콤,36630
838,NI(네트워크통합),링네트,42500
842,2021 상반기 신규상장,씨앤씨인터내셔널,352480
845,2021 상반기 신규상장,모비릭스,348030
846,2021 상반기 신규상장,샘씨엔에스,252990
849,2021 상반기 신규상장,하나머스트7호스팩,372290
853,2021 상반기 신규상장,유일에너테크,340930
855,2021 상반기 신규상장,아모센스,357580
856,2021 상반기 신규상장,삼성스팩4호,377630
857,2021 상반기 신규상장,아이퀘스트,262840
858,2021 상반기 신규상장,에이치피오,357230
859,2021 상반기 신규상장,제주맥주,276730
862,2021 상반기 신규상장,싸이버원,356890
863,2021 상반기 신규상장,나노씨엠에스,247660
865,2021 상반기 신규상장,엔시스,333620
866,2021 상반기 신규상장,하이제6호스팩,377400
867,2021 상반기 신규상장,삼성머스트스팩5호,380320
868,2021 상반기 신규상장,유진스팩6호,373340
869,2021 상반기 신규상장,선진뷰티사이언스,86710
871,2021 상반기 신규상장,삼영에스앤씨,361670
872,2021 상반기 신규상장,엔에이치스팩19호,380440
874,2021 상반기 신규상장,프레스티지바이오로직스,334970
875,2021 상반기 신규상장,솔루엠,248070
876,2021 상반기 신규상장,바이오다인,314930
877,2021 상반기 신규상장,SK아이이테크놀로지,361610
879,2021 상반기 신규상장,SK바이오사이언스,302440
880,2021 상반기 신규상장,프레스티지바이오파마,950210
881,2021 상반기 신규상장,에이디엠코리아,187660
882,2021 상반기 신규상장,씨앤투스,352700
883,2021 상반기 신규상장,하인크코리아,373200
884,2021 상반기 신규상장,피엔에이치테크,239890
885,2021 상반기 신규상장,네오이뮨텍,950220
886,2021 상반기 신규상장,LB루셈,376190
887,2021 상반기 신규상장,오로스테크놀로지,322310
888,2021 상반기 신규상장,진시스템,363250
889,모듈러주택,범양건영,2410
890,모듈러주택,덕신하우징,90410
891,모듈러주택,에스와이,109610
892,모듈러주택,자연과환경,43910
893,모듈러주택,금강공업,14280
894,모듈러주택,한신공영,4960
895,모듈러주택,POSCO홀딩스,5490
896,모듈러주택,코오롱글로벌,3070
897,모듈러주택,삼성물산,28260
898,모듈러주택,GS건설,6360
899,남-북-러 가스관사업,부국철강,26940
900,남-북-러 가스관사업,디케이락,105740
901,남-북-러 가스관사업,엔케이,85310
902,남-북-러 가스관사업,삼현철강,17480
903,남-북-러 가스관사업,동양철관,8970
904,남-북-러 가스관사업,하이스틸,71090
905,남-북-러 가스관사업,휴스틸,5010
906,남-북-러 가스관사업,SK오션플랜트,100090
907,남-북-러 가스관사업,화성밸브,39610
908,남-북-러 가스관사업,동양에스텍,60380
910,남-북-러 가스관사업,세아제강,306200
911,남-북-러 가스관사업,대동스틸,48470
912,남-북-러 가스관사업,문배철강,8420
913,코로나19(스푸트니크V),보령,3850
914,코로나19(스푸트니크V),제테마,216080
915,코로나19(스푸트니크V),이수앱지스,86890
918,코로나19(스푸트니크V),아주IB투자,27360
919,코로나19(스푸트니크V),코리아에셋투자증권,190650
920,코로나19(스푸트니크V),종근당바이오,63160
922,스마트폰,피델릭스,32580
923,스마트폰,시노펙스,25320
926,스마트폰,이엠앤아이,83470
929,스마트폰,제이앤티씨,204270
930,스마트폰,아모그린텍,125210
932,스마트폰,한국컴퓨터,54040
933,스마트폰,유아이엘,49520
934,스마트폰,케스피온,79190
935,스마트폰,인탑스,49070
937,스마트폰,모다이노칩,80420
938,스마트폰,엔피디,198080
944,스마트폰,자화전자,33240
946,스마트폰,모베이스,101330
948,스마트폰,디스플레이텍,66670
949,스마트폰,웰킵스하이텍,43590
952,스마트폰,육일씨엔에쓰,191410
953,스마트폰,레몬,294140
954,스마트폰,액트로,290740
955,스마트폰,덕산네오룩스,213420
956,스마트폰,LG디스플레이,34220
957,스마트폰,씨유테크,376290
958,스마트폰,아비코전자,36010
959,스마트폰,아이앤씨,52860
961,스마트폰,인터플렉스,51370
962,스마트폰,세경하이테크,148150
963,스마트폰,성우전자,81580
964,스마트폰,노바텍,285490
965,스마트폰,디케이티,290550
968,스마트폰,KH바텍,60720
969,스마트폰,한일진공,123840
973,스마트폰,테이팩스,55490
974,스마트폰,유티아이,179900
976,스마트폰,테크엘,64520
977,스마트폰,엘디티,96870
979,스마트폰,블루콤,33560
980,스마트폰,슈피겐코리아,192440
981,스마트폰,이엠텍,91120
984,스마트폰,다산솔루에타,154040
986,스마트폰,삼성SDI,6400
987,스마트폰,해성옵틱스,76610
988,스마트폰,에이치앤비디자인,227100
999,휴대폰부품,파인엠텍,441270
1003,휴대폰부품,바이오로그디바이스,208710
1011,휴대폰부품,엑사이엔씨,54940
1013,휴대폰부품,한솔테크닉스,4710
1021,휴대폰부품,상신이디피,91580
1022,휴대폰부품,재영솔루텍,49630
1023,휴대폰부품,앤디포스,238090
1025,휴대폰부품,코아시아씨엠,196450
1026,휴대폰부품,서원인텍,93920
1028,휴대폰부품,서울반도체,46890
1031,휴대폰부품,우주일렉트로,65680
1033,휴대폰부품,엘컴텍,37950
1034,휴대폰부품,디에이피,66900
1035,휴대폰부품,SBW생명과학,151910
1038,휴대폰부품,이라이콤,41520
1042,케이블TV SO/MSO,남화토건,91590
1043,케이블TV SO/MSO,LG헬로비전,37560
1044,케이블TV SO/MSO,현대홈쇼핑,57050
1045,케이블TV SO/MSO,태광산업,3240
1046,케이블TV SO/MSO,현대퓨처넷,126560
1047,PCB(FPCB 등),펨트론,168360
1049,PCB(FPCB 등),태성,323280
1050,PCB(FPCB 등),화인써키트,127980
1054,PCB(FPCB 등),티엘비,356860
1055,PCB(FPCB 등),현우산업,92300
1056,PCB(FPCB 등),비에이치,90460
1057,PCB(FPCB 등),타이거일렉,219130
1058,PCB(FPCB 등),필옵틱스,161580
1059,PCB(FPCB 등),코리아써키트,7810
1060,PCB(FPCB 등),자비스,254120
1061,PCB(FPCB 등),심텍,222800
1065,PCB(FPCB 등),네오티스,85910
1067,PCB(FPCB 등),이녹스첨단소재,272290
1069,PCB(FPCB 등),이브이첨단소재,131400
1070,PCB(FPCB 등),성우테크론,45300
1071,PCB(FPCB 등),와이엠티,251370
1075,PCB(FPCB 등),롯데에너지머티리얼즈,20150
1076,PCB(FPCB 등),에이엔피,15260
1077,아스콘(아스팔트 콘크리트),극동유화,14530
1078,아스콘(아스팔트 콘크리트),엔피케이,48830
1080,아스콘(아스팔트 콘크리트),SG,255220
1081,아스콘(아스팔트 콘크리트),보광산업,225530
1082,아스콘(아스팔트 콘크리트),홈센타홀딩스,60560
1083,아스콘(아스팔트 콘크리트),유진기업,23410
1085,아스콘(아스팔트 콘크리트),한국석유,4090
1088,4차산업 수혜주,어보브반도체,102120
1098,4차산업 수혜주,드림시큐리티,203650
1102,4차산업 수혜주,롯데정보통신,286940
1107,4차산업 수혜주,DSC인베스트먼트,241520
1108,4차산업 수혜주,인피니트헬스케어,71200
1111,4차산업 수혜주,TS인베스트먼트,246690
1112,4차산업 수혜주,지엔씨에너지,119850
1120,4차산업 수혜주,비트컴퓨터,32850
1121,4차산업 수혜주,이스트소프트,47560
1124,4차산업 수혜주,SGA솔루션즈,184230
1126,4차산업 수혜주,알서포트,131370
1127,4차산업 수혜주,SBI인베스트먼트,19550
1129,4차산업 수혜주,우리기술투자,41190
1138,시스템반도체,에이직랜드,445090
1140,시스템반도체,파두,440110
1142,시스템반도체,퀄리타스반도체,432720
1144,시스템반도체,가온칩스,399720
1145,시스템반도체,시그네틱스,33170
1147,시스템반도체,리노공업,58470
1149,시스템반도체,에이엘티,172670
1150,시스템반도체,에이디테크놀로지,200710
1153,시스템반도체,케이알엠,93640
1155,시스템반도체,SFA반도체,36540
1157,시스템반도체,피에스케이,319660
1158,시스템반도체,윈팩,97800
1159,시스템반도체,디아이,3160
1160,시스템반도체,지니틱스,303030
1163,시스템반도체,오픈엣지테크놀로지,394280
1166,시스템반도체,미래반도체,254490
1168,시스템반도체,두산테스나,131970
1169,시스템반도체,오디텍,80520
1172,시스템반도체,아이텍,119830
1173,시스템반도체,코아시아,45970
1174,시스템반도체,LX세미콘,108320
1175,시스템반도체,에스앤에스텍,101490
1178,시스템반도체,하나마이크론,67310
1179,시스템반도체,아나패스,123860
1180,시스템반도체,네패스아크,330860
1182,시스템반도체,LB세미콘,61970
1183,시스템반도체,시지트로닉스,429270
1184,시스템반도체,한미반도체,42700
1186,시스템반도체,큐알티,405100
1187,미용기기,비올,335890
1188,미용기기,이루다,164060
1190,미용기기,클래시스,214150
1191,미용기기,제이시스메디칼,287410
1192,미용기기,파마리서치,214450
1193,미용기기,원텍,336570
1195,미용기기,하이로닉,149980
1196,미용기기,휴젤,145020
1197,미용기기,휴온스글로벌,84110
1198,미용기기,메디톡스,86900
1200,미용기기,대웅제약,69620
1201,미용기기,휴메딕스,200670
1203,갤럭시 부품주,신화콘텍,187270
1244,사물인터넷,케이사인,192250
1250,사물인터넷,에이텍,45660
1252,사물인터넷,트루엔,417790
1253,사물인터넷,코맥스,36690
1258,사물인터넷,케이엘넷,39420
1262,사물인터넷,삼진,32750
1263,사물인터넷,HDC랩스,39570
1268,사물인터넷,비츠로시스,54220
1270,사물인터넷,대한과학,131220
1272,사물인터넷,SGA,49470
1276,3D 프린터,코렌텍,104540
1280,3D 프린터,세중,39310
1282,3D 프린터,모아텍,33200
1283,3D 프린터,티앤알바이오팹,246710
1287,코로나19(혈장치료/혈장치료제),일신바이오,68330
1288,코로나19(혈장치료/혈장치료제),한국유니온제약,80720
1289,코로나19(혈장치료/혈장치료제),서린바이오,38070
1290,코로나19(혈장치료/혈장치료제),블레이드 Ent,44480
1292,전력설비,HD현대일렉트릭,267260
1293,전력설비,보성파워텍,6910
1294,전력설비,제룡전기,33100
1296,전력설비,효성중공업,298040
1297,전력설비,제룡산업,147830
1300,전력설비,한전KPS,51600
1301,전력설비,세명전기,17510
1302,전력설비,광명전기,17040
1303,전력설비,제일전기공업,199820
1304,전력설비,피앤씨테크,237750
1306,전력설비,지투파워,388050
1308,전력설비,서전기전,189860
1309,전력설비,한전산업,130660
1310,전력설비,한국전력,15760
1311,전력설비,금화피에스시,36190
1317,보안주(정보),엑스게이트,356680
1318,보안주(정보),디지캡,197140
1319,보안주(정보),가비아,79940
1321,보안주(정보),안랩,53800
1322,보안주(정보),벨로크,424760
1326,보안주(정보),파수,150900
1328,보안주(정보),지니언스,263860
1329,보안주(정보),지란지교시큐리티,208350
1330,보안주(정보),휴네시온,290270
1331,보안주(정보),시큐레터,418250
1332,보안주(정보),소프트캠프,258790
1335,보안주(정보),다우데이타,32190
1336,보안주(정보),이글루,67920
1337,보안주(정보),플랜티넷,75130
1339,보안주(정보),이니텍,53350
1340,보안주(정보),시큐브,131090
1344,보안주(정보),샌즈랩,411080
1345,보안주(정보),윈스,136540
1346,보안주(정보),모니터랩,434480
1347,보안주(정보),수산아이앤티,50960
1348,보안주(정보),에스에스알,275630
1349,보안주(정보),라온시큐어,42510
1350,보안주(정보),한싹,430690
1352,보안주(정보),모코엠시스,333050
1353,보안주(정보),헥토이노베이션,214180
1356,보안주(정보),한국정보인증,53300
1357,보안주(정보),나노브릭,286750
1358,보안주(정보),아톤,158430
1359,보안주(정보),신시웨이,290560
1360,보안주(정보),시큐센,232830
1362,2023 상반기 신규상장,지아이이노베이션,358570
1364,2023 상반기 신규상장,슈어소프트테크,298830
1366,2023 상반기 신규상장,꿈비,407400
1368,2023 상반기 신규상장,LB인베스트먼트,309960
1369,2023 상반기 신규상장,마녀공장,439090
1370,2023 상반기 신규상장,진영,285800
1371,2023 상반기 신규상장,제이오,418550
1372,2023 상반기 신규상장,오픈놀,440320
1373,2023 상반기 신규상장,프로티아,303360
1375,2023 상반기 신규상장,나라셀라,405920
1376,2023 상반기 신규상장,셀바이오휴먼텍,318160
1377,2023 상반기 신규상장,삼기이브이,419050
1380,2023 상반기 신규상장,이노진,344860
1381,2023 상반기 신규상장,IBKS제22호스팩,448760
1384,2023 상반기 신규상장,한주라이트메탈,198940
1385,2023 상반기 신규상장,유안타제12호스팩,446150
1386,2023 상반기 신규상장,에스바이오메딕스,304360
1387,2023 상반기 신규상장,금양그린파워,282720
1388,2023 상반기 신규상장,나노팀,417010
1389,2023 상반기 신규상장,삼성스팩8호,448740
1390,2023 상반기 신규상장,미래에셋드림스팩1호,442900
1391,2023 상반기 신규상장,하나27호스팩,448370
1394,2023 상반기 신규상장,엔에이치스팩28호,450410
1396,2023 상반기 신규상장,유안타제13호스팩,449020
1397,2023 상반기 신규상장,미래에셋비전스팩2호,446190
1398,2023 상반기 신규상장,바이오인프라,199730
1399,2023 상반기 신규상장,미래에셋비전스팩3호,448830
1400,2023 상반기 신규상장,한화리츠,451800
1401,2023 상반기 신규상장,하나26호스팩,446750
1402,2023 상반기 신규상장,하나29호스팩,454640
1403,2023 상반기 신규상장,티이엠씨,425040
1405,2023 상반기 신규상장,키움제8호스팩,446840
1406,2023 상반기 신규상장,엔에이치스팩29호,451700
1407,2023 상반기 신규상장,삼성FN리츠,448730
1408,2023 상반기 신규상장,KB제25호스팩,455250
1409,2023 상반기 신규상장,마이크로투나노,424980
1410,2023 상반기 신규상장,알멕,354320
1411,2023 상반기 신규상장,큐라티스,348080
1413,2023 상반기 신규상장,기가비스,420770
1414,MVNO(가상이동통신망사업자),아이즈비전,31310
1415,MVNO(가상이동통신망사업자),에스원,12750
1417,MVNO(가상이동통신망사업자),스카이라이프,53210
1418,MVNO(가상이동통신망사업자),인스코비,6490
1421,MVNO(가상이동통신망사업자),대성홀딩스,16710
1423,DMZ 평화공원,코아스,71950
1427,DMZ 평화공원,웹스,196700
1428,DMZ 평화공원,누리플랜,69140
1429,DMZ 평화공원,씨아이테크,4920
1432,DMZ 평화공원,크라운해태홀딩스,5740
1433,DMZ 평화공원,모헨즈,6920
1434,DMZ 평화공원,이화공영,1840
1435,DMZ 평화공원,딜리,131180
1436,DMZ 평화공원,삼륭물산,14970
1437,DMZ 평화공원,일신석재,7110
1439,DMZ 평화공원,용평리조트,70960
1440,DMZ 평화공원,대창스틸,140520
1441,DMZ 평화공원,하이드로리튬,101670
1449,카메라모듈/부품,아이윈플러스,123010
1459,카메라모듈/부품,덕우전자,263600
1461,카메라모듈/부품,삼양옵틱스,225190
1468,카메라모듈/부품,픽셀플러스,87600
1473,U-Healthcare(원격진료),소프트센,32680
1475,U-Healthcare(원격진료),유비케어,32620
1476,U-Healthcare(원격진료),녹십자홀딩스,5250
1480,U-Healthcare(원격진료),인바디,41830
1483,U-Healthcare(원격진료),뷰웍스,100120
1484,U-Healthcare(원격진료),차바이오텍,85660
1487,U-Healthcare(원격진료),메디포스트,78160
1488,U-Healthcare(원격진료),나노엔텍,39860
1489,U-Healthcare(원격진료),JW중외제약,1060
1490,U-Healthcare(원격진료),마크로젠,38290
1494,2021 하반기 신규상장,와이엠텍,273640
1496,2021 하반기 신규상장,아이패밀리에스씨,114840
1499,2021 하반기 신규상장,지앤비에스 에코,382800
1501,2021 하반기 신규상장,미래에셋글로벌리츠,396690
1502,2021 하반기 신규상장,아이티아이즈,372800
1503,2021 하반기 신규상장,지니너스,389030
1505,2021 하반기 신규상장,엔켐,348370
1506,2021 하반기 신규상장,크래프톤,259960
1507,2021 하반기 신규상장,지오엘리먼트,311320
1508,2021 하반기 신규상장,피코그램,376180
1514,2021 하반기 신규상장,바이젠셀,308080
1515,2021 하반기 신규상장,원준,382840
1516,2021 하반기 신규상장,엔에이치스팩20호,391060
1517,2021 하반기 신규상장,아주스틸,139990
1518,2021 하반기 신규상장,아스플로,159010
1520,2021 하반기 신규상장,한화플러스제2호스팩,386580
1521,2021 하반기 신규상장,디앤디플랫폼리츠,377190
1522,2021 하반기 신규상장,유진스팩7호,388800
1523,2021 하반기 신규상장,프롬바이오,377220
1524,2021 하반기 신규상장,지아이텍,382480
1525,2021 하반기 신규상장,SK리츠,395400
1526,2021 하반기 신규상장,바이오플러스,99430
1527,2021 하반기 신규상장,툴젠,199800
1529,2021 하반기 신규상장,HK이노엔,195940
1530,2021 하반기 신규상장,에이비온,203400
1532,2021 하반기 신규상장,하이제7호스팩,400840
1534,2021 하반기 신규상장,롯데렌탈,89860
1535,2021 하반기 신규상장,신한제8호스팩,393360
1536,2021 하반기 신규상장,리파인,377450
1537,2021 하반기 신규상장,플래티어,367000
1538,2021 하반기 신규상장,교보11호스팩,397880
1539,2021 하반기 신규상장,NH올원리츠,400760
1540,2021 하반기 신규상장,카카오뱅크,323410
1541,2021 하반기 신규상장,신한서부티엔디리츠,404990
1542,2021 하반기 신규상장,일진하이솔루스,271940
1543,2021 하반기 신규상장,실리콘투,257720
1544,2021 하반기 신규상장,큐라클,365270
1545,2021 하반기 신규상장,HD현대중공업,329180
1547,2021 하반기 신규상장,차백신연구소,261780
1548,2021 하반기 신규상장,케이카,381970
1549,2021 하반기 신규상장,원티드랩,376980
1550,2021 하반기 신규상장,에스앤디,260970
1551,2021 하반기 신규상장,에스디바이오센서,137310
1553,OLED(유기 발광 다이오드),솔루스첨단소재,336370
1556,OLED(유기 발광 다이오드),한솔아이원스,114810
1558,OLED(유기 발광 다이오드),예선테크,250930
1561,OLED(유기 발광 다이오드),핌스,347770
1565,OLED(유기 발광 다이오드),디바이스이엔지,187870
1567,OLED(유기 발광 다이오드),제이엠티,94970
1573,OLED(유기 발광 다이오드),나래나노텍,137080
1575,OLED(유기 발광 다이오드),와이엠씨,155650
1576,OLED(유기 발광 다이오드),와이투솔루션,11690
1583,OLED(유기 발광 다이오드),나인테크,267320
1584,OLED(유기 발광 다이오드),에프엔에스테크,83500
1586,OLED(유기 발광 다이오드),케이피에스,256940
1587,OLED(유기 발광 다이오드),힘스,238490
1589,OLED(유기 발광 다이오드),야스,255440
1591,OLED(유기 발광 다이오드),에스에이티이엔지,351320
1592,OLED(유기 발광 다이오드),풍원정밀,371950
1596,OLED(유기 발광 다이오드),프로이천,321260
1602,OLED(유기 발광 다이오드),램테크놀러지,171010
1607,OLED(유기 발광 다이오드),한솔케미칼,14680
1608,OLED(유기 발광 다이오드),덕산테코피아,317330
1609,OLED(유기 발광 다이오드),APS,54620
1613,OLED(유기 발광 다이오드),아이컴포넌트,59100
1614,OLED(유기 발광 다이오드),티에스이,131290
1616,OLED(유기 발광 다이오드),LG화학,51910
1619,OLED(유기 발광 다이오드),뉴파워프라즈마,144960
1621,OLED(유기 발광 다이오드),원익머트리얼즈,104830
1622,OLED(유기 발광 다이오드),나노신소재,121600
1625,OLED(유기 발광 다이오드),천보,278280
1628,2차전지(LFP/리튬인산철),브이티,18290
1629,2차전지(LFP/리튬인산철),자이글,234920
1630,2차전지(LFP/리튬인산철),EG,37370
1632,2차전지(LFP/리튬인산철),파워넷,37030
1633,2차전지(LFP/리튬인산철),씨아이에스,222080
1634,2차전지(LFP/리튬인산철),LG에너지솔루션,373220
1635,2차전지(LFP/리튬인산철),SK이노베이션,96770
1636,2차전지(LFP/리튬인산철),엘앤에프,66970
1637,2차전지(장비),우신시스템,17370
1642,2차전지(장비),케이엔에스,432470
1646,2차전지(장비),이노메트리,302430
1650,2차전지(장비),대보마그네틱,290670
1653,2차전지(장비),필에너지,378340
1657,2차전지(장비),웰크론한텍,76080
1658,2차전지(장비),엠플러스,259630
1659,2차전지(장비),티에스아이,277880
1661,2차전지(장비),하나기술,299030
1662,2차전지(장비),에이치와이티씨,148930
1669,2차전지(장비),에이프로,262260
1670,2차전지(장비),오션브릿지,241790
1672,2차전지(장비),윤성에프앤씨,372170
1674,창투사,리더스 기술투자,19570
1675,창투사,큐캐피탈,16600
1677,창투사,캡스톤파트너스,452300
1679,창투사,나우IB,293580
1680,창투사,미래에셋벤처투자,100790
1681,창투사,린드먼아시아,277070
1685,창투사,컴퍼니케이,307930
1686,창투사,SV인베스트먼트,289080
1687,창투사,스톤브릿지벤처스,330730
1688,창투사,엠벤처투자,19590
1690,창투사,스틱인베스트먼트,26890
1692,창투사,에이티넘인베스트,21080
1696,음원/음반,NHN벅스,104200
1702,음원/음반,드림어스컴퍼니,60570
1710,보안주(물리),포커스에이치엔에스,331380
1716,보안주(물리),현대에이치티,39010
1719,보안주(물리),아이디스,143160
1720,보안주(물리),슈프리마에이치큐,94840
1721,보안주(물리),인콘,83640
1724,보안주(물리),슈프리마,236200
1725,보안주(물리),시티랩스,139050
1726,보안주(물리),하이트론,19490
1729,페라이트,한일화학,7770
1731,페라이트,삼화전기,9470
1733,페라이트,삼화전자,11230
1735,페라이트,상신전자,263810
1736,페라이트,태경산업,15890
1737,페라이트,씨큐브,101240
1739,페라이트,유니온머티리얼,47400
1741,건설기계,수산중공업,17550
1742,건설기계,진성티이씨,36890
1743,건설기계,디와이파워,210540
1744,건설기계,대동금속,20400
1745,건설기계,서연탑메탈,19770
1746,건설기계,테라사이언스,73640
1747,건설기계,현대에버다임,41440
1748,건설기계,HD현대건설기계,267270
1750,건설기계,대모,317850
1751,건설기계,HD현대인프라코어,42670
1753,건설기계,흥국,10240
1754,건설기계,대창단조,15230
1755,건설기계,두산밥캣,241560
1756,건설기계,동일금속,109860
1758,건설 중소형,일성건설,13360
1759,건설 중소형,삼부토건,1470
1760,건설 중소형,KD,44180
1761,건설 중소형,동신건설,25950
1762,건설 중소형,진흥기업,2780
1763,건설 중소형,서한,11370
1764,건설 중소형,신세계건설,34300
1765,건설 중소형,동부건설,5960
1766,건설 중소형,남광토건,1260
1767,건설 중소형,SGC이테크건설,16250
1768,건설 중소형,삼일기업공사,2290
1770,건설 중소형,HL D&I,14790
1771,건설 중소형,디와이디,219550
1773,건설 중소형,까뮤이앤씨,13700
1774,건설 중소형,삼호개발,10960
1776,건설 중소형,화성산업,2460
1777,건설 중소형,금호건설,2990
1778,건설 중소형,동원개발,13120
1779,건설 중소형,우원개발,46940
1780,건설 중소형,상지카일룸,42940
1781,건설 중소형,서희건설,35890
1782,건설 중소형,아이에스동서,10780
1784,건설 중소형,계룡건설,13580
1785,건설 중소형,신원종합개발,17000
1786,건설 중소형,대원,7680
1787,건설 중소형,태영건설,9410
1788,건설 중소형,DL건설,1880
1789,건설 중소형,KCC건설,21320
1791,유전자 치료제/분석,큐로셀,372320
1792,유전자 치료제/분석,클리노믹스,352770
1793,유전자 치료제/분석,아미코젠,92040
1794,유전자 치료제/분석,HLB파나진,46210
1795,유전자 치료제/분석,지놈앤컴퍼니,314130
1797,유전자 치료제/분석,올리패스,244460
1798,유전자 치료제/분석,코오롱생명과학,102940
1799,유전자 치료제/분석,셀레믹스,331920
1801,유전자 치료제/분석,테라젠이텍스,66700
1802,유전자 치료제/분석,CJ 바이오사이언스,311690
1803,유전자 치료제/분석,티움바이오,321550
1805,유전자 치료제/분석,제놀루션,225220
1806,유전자 치료제/분석,소마젠,950200
1807,유전자 치료제/분석,진원생명과학,11000
1808,유전자 치료제/분석,신라젠,215600
1810,유전자 치료제/분석,헬릭스미스,84990
1812,유전자 치료제/분석,녹십자,6280
1814,유전자 치료제/분석,고바이오랩,348150
1815,유전자 치료제/분석,지노믹트리,228760
1816,유전자 치료제/분석,제넥신,95700
1817,유전자 치료제/분석,바이오니아,64550
1818,유전자 치료제/분석,제노포커스,187420
1822,유전자 치료제/분석,씨젠,96530
1823,유전자 치료제/분석,엑세스바이오,950130
1826,클라우드 컴퓨팅,케이아이엔엑스,93320
1828,클라우드 컴퓨팅,DB,12030
1835,클라우드 컴퓨팅,솔트웨어,328380
1840,클라우드 컴퓨팅,영림원소프트랩,60850
1843,클라우드 컴퓨팅,다우기술,23590
1847,클라우드 컴퓨팅,폴라리스오피스,41020
1849,클라우드 컴퓨팅,비투엔,307870
1857,클라우드 컴퓨팅,유엔젤,72130
1864,2023 하반기 신규상장,신성에스티,416180
1868,2023 하반기 신규상장,에코프로머티,450080
1870,2023 하반기 신규상장,유투바이오,221800
1872,2023 하반기 신규상장,퓨릿,445180
1873,2023 하반기 신규상장,아이엠티,451220
1874,2023 하반기 신규상장,한선엔지니어링,452280
1875,2023 하반기 신규상장,큐리옥스바이오시스템즈,445680
1880,2023 하반기 신규상장,와이바이오로직스,338840
1885,2023 하반기 신규상장,유안타제11호스팩,444920
1887,2023 하반기 신규상장,에이에스텍,453860
1888,2023 하반기 신규상장,뷰티스킨,406820
1889,2023 하반기 신규상장,유안타제14호스팩,450940
1890,2023 하반기 신규상장,넥스틸,92790
1891,2023 하반기 신규상장,에스케이증권제9호스팩,455910
1892,2023 하반기 신규상장,하나28호스팩,454750
1893,2023 하반기 신규상장,한화플러스제4호스팩,455310
1894,2023 하반기 신규상장,밀리의서재,418470
1895,2023 하반기 신규상장,DB금융스팩11호,456440
1896,2023 하반기 신규상장,대신밸런스제15호스팩,457390
1897,2023 하반기 신규상장,대신밸런스제16호스팩,457630
1898,2023 하반기 신규상장,KB제26호스팩,458320
1899,2023 하반기 신규상장,한국제12호스팩,458610
1900,2023 하반기 신규상장,에이치엠씨제6호스팩,462020
1901,2023 하반기 신규상장,KB제27호스팩,464680
1902,2023 하반기 신규상장,신한제11호스팩,452980
1903,2023 하반기 신규상장,스톰테크,352090
1904,2023 하반기 신규상장,상상인제4호스팩,452670
1905,2023 하반기 신규상장,우듬지팜,403490
1906,2023 하반기 신규상장,에스케이증권제10호스팩,457940
1907,2023 하반기 신규상장,한국제13호스팩,464440
1908,2023 하반기 신규상장,엔에이치스팩30호,466910
1909,2023 하반기 신규상장,유진테크놀로지,240600
1911,2023 하반기 신규상장,교보14호스팩,456490
1912,2023 하반기 신규상장,삼성스팩9호,468510
1913,2023 하반기 신규상장,교보15호스팩,465320
1915,2023 하반기 신규상장,에이텀,355690
1917,2023 하반기 신규상장,메가터치,446540
1918,2023 하반기 신규상장,에스와이스틸텍,365330
1919,2023 하반기 신규상장,동인기연,111380
1920,2023 하반기 신규상장,워트,396470
1922,2023 하반기 신규상장,제이엔비,452160
1925,2023 하반기 신규상장,세니젠,188260
1926,2023 하반기 신규상장,에코아이,448280
1927,2023 하반기 신규상장,인스웨이브시스템즈,450520
1930,2023 하반기 신규상장,그린리소스,402490
1931,2023 하반기 신규상장,비아이매트릭스,413640
1932,2023 하반기 신규상장,에스엘에스바이오,246250
1933,2023 하반기 신규상장,율촌,146060
1940,우크라이나 재건,TYM,2900
1942,우크라이나 재건,유신,54930
1947,우크라이나 재건,에쓰씨엔지니어링,23960
1951,우크라이나 재건,리노스,39980
1952,우크라이나 재건,동일고무벨트,163560
1955,우크라이나 재건,다스코,58730
1958,우크라이나 재건,도화엔지니어링,2150
1959,우크라이나 재건,현대코퍼레이션,11760
1961,우크라이나 재건,국보,1140
1963,우크라이나 재건,웰바이오텍,10600
1964,화장품,코스나인,82660
1965,화장품,코스메카코리아,241710
1967,화장품,잉글우드랩,950140
1970,화장품,코디,80530
1971,화장품,미원상사,2840
1973,화장품,애경산업,18250
1975,화장품,본느,226340
1977,화장품,대봉엘에스,78140
1978,화장품,에스씨엠생명과학,298060
1979,화장품,코리아나,27050
1980,화장품,HLB글로벌,3580
1981,화장품,오가닉티코스메틱,900300
1982,화장품,클리오,237880
1984,화장품,씨티케이,260930
1985,화장품,한국콜마,161890
1986,화장품,제이준코스메틱,25620
1988,화장품,한국화장품,123690
1989,화장품,한국화장품제조,3350
1990,화장품,한국콜마홀딩스,24720
1991,화장품,아모레퍼시픽,90430
1992,화장품,제로투세븐,159580
1995,화장품,신세계인터내셔날,31430
1996,화장품,코웨이,21240
1997,화장품,컬러레이,900310
1998,화장품,피엔케이피부임상연구센타,347740
1999,화장품,코스맥스,192820
2000,화장품,청담글로벌,362320
2002,화장품,오상자이엘,53980
2003,화장품,토니모리,214420
2004,화장품,네오팜,92730
2006,화장품,네이처셀,7390
2008,화장품,에이블씨엔씨,78520
2009,화장품,휴엠앤씨,263920
2010,화장품,내츄럴엔도텍,168330
2011,화장품,웨스트라이즈,64090
2012,화장품,바이오스마트,38460
2014,화장품,잇츠한불,226320
2016,화장품,스킨앤스킨,159910
2017,화장품,연우,115960
2019,화장품,CSA 코스믹,83660
2020,화장품,제닉,123330
2021,화장품,LG생활건강,51900
2022,화장품,아모레G,2790
2023,화장품,동구바이오제약,6620
2025,화장품,현대바이오랜드,52260
2027,화장품,리더스코스메틱,16100
2028,화장품,승일,49830
2029,화장품,콜마비앤에이치,200130
2031,화장품,엘앤씨바이오,290650
2033,화장품,세화피앤씨,252500
2034,화장품,메타랩스,90370
2036,화장품,동성제약,2210
2037,화장품,강스템바이오텍,217730
2038,화장품,바이온,32980
2039,화장품,펌텍코리아,251970
2040,화장품,라파스,214260
2041,화장품,글로본,19660
2042,화장품,현대바이오,48410
2043,화장품,케어젠,214370
2044,화장품,아우딘퓨쳐스,227610
2045,화장품,애니젠,196300
2046,화장품,국제약품,2720
2047,화장품,스피어파워,203690
2048,바이오인식(생체인식),에프에스티,36810
2053,바이오인식(생체인식),유니온커뮤니티,203450
2057,바이오인식(생체인식),엑스페릭스,317770
2071,전기차,에코플라스틱,38110
2074,전기차,엠에스오토텍,123040
2075,전기차,한국앤컴퍼니,240
2076,전기차,네오오토,212560
2077,전기차,휴맥스,115160
2078,전기차,덕양산업,24900
2079,전기차,티플랙스,81150
2080,전기차,인팩,23810
2081,전기차,강원에너지,114190
2082,전기차,아진산업,13310
2083,전기차,삼영,3720
2091,전기차,대유플러스,300
2092,전기차,유에스티,263770
2093,전기차,경창산업,24910
2096,전기차,성창오토텍,80470
2097,전기차,씨티알모빌리티,308170
2098,전기차,세아메카닉스,396300
2099,전기차,글로벌에스엠,900070
2100,전기차,삼기,122350
2103,전기차,폴라리스세원,234100
2104,전기차,지엠비코리아,13870
2105,전기차,우수AMS,66590
2107,전기차,삼화콘덴서,1820
2109,전기차,한온시스템,18880
2111,전기차,영화테크,265560
2116,전기차,현대공업,170030
2120,전기차,나라엠앤디,51490
2121,전기차,신흥에스이씨,243840
2122,전기차,뉴인텍,12340
2123,전기차,아이윈,90150
2126,전기차,성문전자,14910
2127,전기차,계양전기,12200
2128,전기차,명신산업,9900
2135,전기차,동아화성,41930
2136,전기차,성호전자,43260
2137,전기차,화신,10690
2140,전기차,포스코스틸리온,58430
2141,전기차,우리산업,215360
2142,전기차,모베이스전자,12860
2143,전기차,로스웰,900260
2144,전기차,SKC,11790
2147,전기차,코다코,46070
2149,전기차,피에스텍,2230
2151,전기차,코스모신소재,5070
2153,전기차,KEC,92220
2155,2022 하반기 신규상장,디티앤씨알오,383930
2156,2022 하반기 신규상장,오에스피,368970
2157,2022 하반기 신규상장,티에프이,425420
2159,2022 하반기 신규상장,엔젯,419080
2160,2022 하반기 신규상장,더블유씨피,393890
2163,2022 하반기 신규상장,플라즈맵,405000
2166,2022 하반기 신규상장,에이프릴바이오,397030
2167,2022 하반기 신규상장,모델솔루션,417970
2170,2022 하반기 신규상장,이노룰스,296640
2171,2022 하반기 신규상장,선바이오,67370
2175,2022 하반기 신규상장,신스틸,162300
2176,2022 하반기 신규상장,새빗켐,107600
2179,2022 하반기 신규상장,유진스팩9호,442130
2180,2022 하반기 신규상장,IBKS제20호스팩,439730
2181,2022 하반기 신규상장,제이아이테크,417500
2183,2022 하반기 신규상장,산돌,419120
2184,2022 하반기 신규상장,엔에이치스팩24호,437780
2185,2022 하반기 신규상장,신영스팩9호,445970
2186,2022 하반기 신규상장,IBKS제21호스팩,442770
2187,2022 하반기 신규상장,쏘카,403550
2189,2022 하반기 신규상장,하나금융25호스팩,435620
2190,2022 하반기 신규상장,키움제7호스팩,433530
2191,2022 하반기 신규상장,에스케이증권제8호스팩,435870
2192,2022 하반기 신규상장,유안타제9호스팩,430700
2193,2022 하반기 신규상장,하나금융24호스팩,430230
2194,2022 하반기 신규상장,케이비제22호스팩,436530
2195,2022 하반기 신규상장,대신밸런스제13호스팩,438220
2196,2022 하반기 신규상장,엔에이치스팩25호,438580
2197,2022 하반기 신규상장,삼성스팩7호,439250
2198,2022 하반기 신규상장,수산인더스트리,126720
2199,2022 하반기 신규상장,교보13호스팩,440790
2200,2022 하반기 신규상장,엔에이치스팩27호,440820
2201,2022 하반기 신규상장,비엔케이제1호스팩,445360
2202,2022 하반기 신규상장,와이씨켐,112290
2203,2022 하반기 신규상장,아이씨에이치,368600
2204,2022 하반기 신규상장,한화플러스제3호스팩,430460
2205,2022 하반기 신규상장,엔에이치스팩26호,439410
2206,2022 하반기 신규상장,유안타제10호스팩,435380
2207,2022 하반기 신규상장,핑거스토리,417180
2209,2022 하반기 신규상장,한국제11호스팩,436610
2210,2022 하반기 신규상장,KB스타리츠,432320
2211,2022 하반기 신규상장,알피바이오,314140
2212,2022 하반기 신규상장,샤페론,378800
2213,2022 하반기 신규상장,저스템,417840
2214,2022 하반기 신규상장,성일하이텍,365340
2215,2022 하반기 신규상장,신영스팩8호,430220
2217,2022 하반기 신규상장,탑머티리얼,360070
2218,2022 하반기 신규상장,대신밸런스제14호스팩,442310
2219,2022 하반기 신규상장,바이오노트,377740
2220,2022 하반기 신규상장,IBKS제19호스팩,426550
2221,2022 하반기 신규상장,하나금융23호스팩,427950
2222,2022 하반기 신규상장,유비온,84440
2223,2022 하반기 신규상장,인벤티지랩,389470
2224,2022 하반기 신규상장,HPSP,403870
2226,강관업체(Steel pipe),코센,9730
2234,강관업체(Steel pipe),한국주철관,970
2237,반도체 장비,더코디,224060
2240,반도체 장비,제너셈,217190
2251,반도체 장비,피에스케이홀딩스,31980
2257,반도체 장비,에이팩트,200470
2262,반도체 장비,유니테스트,86390
2264,반도체 장비,GST,83450
2270,반도체 장비,파크시스템스,140860
2271,반도체 장비,위드텍,348350
2272,반도체 장비,이오테크닉스,39030
2278,반도체 장비,성도이엔지,37350
2279,반도체 장비,네오셈,253590
2283,반도체 장비,티씨케이,64760
2284,반도체 장비,넥스틴,348210
2285,반도체 장비,인텍플러스,64290
2286,반도체 장비,유진테크,84370
2287,반도체 장비,제이티,89790
2288,반도체 장비,에이피티씨,89970
2289,반도체 장비,유니셈,36200
2291,반도체 장비,코미코,183300
2293,반도체 장비,와이아이케이,232140
2296,반도체 장비,미래산업,25560
2297,반도체 장비,엔투텍,227950
2301,반도체 장비,프로텍,53610
2302,반도체 장비,테스,95610
2305,반도체 장비,서플러스글로벌,140070
2306,반도체 장비,케이엔솔,53080
2311,반도체 장비,레이저쎌,412350
2314,반도체 장비,엑시콘,92870
2324,엔젤산업,헝셩그룹,900270
2325,엔젤산업,삼성출판사,68290
2326,엔젤산업,웅진씽크빅,95720
2329,엔젤산업,삼천리자전거,24950
2331,엔젤산업,토박스코리아,215480
2332,엔젤산업,손오공,66910
2334,엔젤산업,대교,19680
2335,엔젤산업,모나미,5360
2336,엔젤산업,락앤락,115390
2337,엔젤산업,아가방컴퍼니,13990
2338,엔젤산업,남양유업,3920
2339,엔젤산업,메디앙스,14100
2340,엔젤산업,정상제이엘에스,40420
2341,엔젤산업,삼익악기,2450
2342,엔젤산업,오로라,39830
2343,엔젤산업,매일유업,267980
2344,엔젤산업,예림당,36000
2350,SI(시스템통합),대신정보통신,20180
2352,SI(시스템통합),정원엔시스,45510
2354,SI(시스템통합),신세계 I&C,35510
2355,SI(시스템통합),에스트래픽,234300
2360,SI(시스템통합),위즈코프,38620
2366,SI(시스템통합),한솔인티큐브,70590
2372,SI(시스템통합),아시아나IDT,267850
2374,SI(시스템통합),아이티센,124500
2375,모바일콘텐츠(스마트폰/태블릿PC),아이톡시,52770
2378,모바일콘텐츠(스마트폰/태블릿PC),컴투스홀딩스,63080
2383,모바일콘텐츠(스마트폰/태블릿PC),포시에스,189690
2391,모바일콘텐츠(스마트폰/태블릿PC),키다리스튜디오,20120
2396,모바일콘텐츠(스마트폰/태블릿PC),미스터블루,207760
2401,모바일콘텐츠(스마트폰/태블릿PC),티사이언티픽,57680
2404,모바일콘텐츠(스마트폰/태블릿PC),네오위즈홀딩스,42420
2405,모바일콘텐츠(스마트폰/태블릿PC),YBM넷,57030
2406,모바일콘텐츠(스마트폰/태블릿PC),디앤씨미디어,263720
2411,보톡스(보툴리눔톡신),휴온스,243070
2417,보톡스(보툴리눔톡신),유바이오로직스,206650
2420,음성인식,미디어젠,279600
2427,음성인식,브리지텍,64480
2435,전기차(충전소/충전기),휴맥스홀딩스,28080
2445,전기차(충전소/충전기),아이엘사이언스,307180
2448,전기차(충전소/충전기),윌링스,313760
2451,전기차(충전소/충전기),동양이엔피,79960
2455,전기차(충전소/충전기),SK네트웍스,1740
2456,전기차(충전소/충전기),알티캐스트,85810
2507,마이데이터,NICE평가정보,30190
2513,해운,대한해운,5880
2514,해운,팬오션,28670
2515,해운,STX그린로지스,465770
2516,해운,HMM,11200
2517,해운,흥아해운,3280
2518,해운,KSS해운,44450
2522,스마트그리드(지능형전력망),옴니시스템,57540
2529,스마트그리드(지능형전력망),일진홀딩스,15860
2537,스마트그리드(지능형전력망),비츠로셀,82920
2541,철강 중소형,TCC스틸,2710
2543,철강 중소형,동일철강,23790
2544,철강 중소형,영흥,12160
2545,철강 중소형,현대비앤지스틸,4560
2547,철강 중소형,NI스틸,8260
2549,철강 중소형,화인베스틸,133820
2550,철강 중소형,경남스틸,39240
2553,철강 중소형,제이스코홀딩스,23440
2554,철강 중소형,금강철강,53260
2556,철강 중소형,대호특수강,21040
2557,철강 중소형,DSR제강,69730
2560,철강 중소형,동국산업,5160
2562,철강 중소형,한국특강,7280
2564,철강 중소형,동일제강,2690
2565,철강 중소형,원일특강,12620
2569,철강 중소형,한일철강,2220
2571,철강 중소형,코메론,49430
2573,철강 중소형,동일산업,4890
2585,철도,알루코,1780
2591,철도,대아티아이,45390
2594,철도,한국종합기술,23350
2596,철도,황금에스티,32560
2600,철도,동아지질,28100
2603,철도,부산산업,11390
2606,철도,현대제철,4020
2607,철도,삼일씨엔에스,4440
2610,철도,특수건설,26150
2614,철도,하이록코리아,13030
2615,철도,다원시스,68240
2617,철도,대호에이엘,69460
2618,테마파크,이월드,84680
2621,테마파크,국보디자인,66620
2625,음식료업종,대한제당,1790
2626,음식료업종,노바렉스,194700
2627,음식료업종,삼양식품,3230
2628,음식료업종,디딤이앤에프,217620
2629,음식료업종,인산가,277410
2630,음식료업종,농심,4370
2631,음식료업종,정다운,208140
2632,음식료업종,DSEN,65150
2633,음식료업종,해태제과식품,101530
2634,음식료업종,우양,103840
2635,음식료업종,샘표식품,248170
2636,음식료업종,휴럼,353190
2637,음식료업종,마니커에프앤지,195500
2638,음식료업종,푸드나무,290720
2639,음식료업종,CJ제일제당,97950
2640,음식료업종,CJ프레시웨이,51500
2641,음식료업종,크라운제과,264900
2643,음식료업종,대상,1680
2644,음식료업종,하이트진로,80
2648,음식료업종,오뚜기,7310
2649,음식료업종,사조동아원,8040
2651,음식료업종,한국맥널티,222980
2653,음식료업종,동원F&B,49770
2655,음식료업종,엠에스씨,9780
2656,음식료업종,뉴트리,270870
2657,음식료업종,삼양사,145990
2658,음식료업종,하이트진로홀딩스,140
2659,음식료업종,오리온,271560
2660,음식료업종,현대그린푸드,453340
2662,음식료업종,대한제분,1130
2663,음식료업종,교촌에프앤비,339770
2665,음식료업종,푸드웰,5670
2667,음식료업종,보라티알,250000
2668,음식료업종,네오크레마,311390
2669,음식료업종,SPC삼립,5610
2670,음식료업종,팜스빌,318010
2671,음식료업종,신세계푸드,31440
2672,음식료업종,빙그레,5180
2673,음식료업종,동서,26960
2674,음식료업종,에이치엘사이언스,239610
2675,음식료업종,국순당,43650
2676,음식료업종,조흥,2600
2677,음식료업종,신송홀딩스,6880
2678,음식료업종,풀무원,17810
2679,음식료업종,한탑,2680
2681,음식료업종,롯데웰푸드,280360
2682,음식료업종,롯데칠성,5300
2683,음식료업종,코스맥스엔비티,222040
2684,음식료업종,비피도,238200
2687,네옴시티,희림,37440
2691,네옴시티,SNT에너지,100840
2692,네옴시티,세아베스틸지주,1430
2696,네옴시티,제이엔케이히터,126880
2698,네옴시티,인디에프,14990
2699,네옴시티,세아특수강,19440
2700,네옴시티,성신양회,4980
2705,네옴시티,세아홀딩스,58650
2709,네옴시티,수성샐바시온,84180
2711,네옴시티,한미글로벌,53690
2716,북한 광물자원개발,피제이메탈,128660
2720,북한 광물자원개발,한국내화,10040
2721,북한 광물자원개발,경동인베스트,12320
2722,북한 광물자원개발,삼영엠텍,54540
2723,북한 광물자원개발,대창솔루션,96350
2724,북한 광물자원개발,SH에너지화학,2360
2725,북한 광물자원개발,상보,27580
2726,북한 광물자원개발,포스코퓨처엠,3670
2729,북한 광물자원개발,포스코엠텍,9520
2730,북한 광물자원개발,쎄노텍,222420
2731,북한 광물자원개발,한국주강,25890
2734,전력저장장치(ESS),비나텍,126340
2738,전력저장장치(ESS),플래스크,41590
2743,전력저장장치(ESS),삼진엘앤디,54090
2746,전력저장장치(ESS),세방전지,4490
2751,전력저장장치(ESS),HD현대에너지솔루션,322000
2759,전력저장장치(ESS),티에스넥스젠,43220
2763,전력저장장치(ESS),SK디앤디,210980
2768,2019 하반기 신규상장,플리토,300080
2774,2019 하반기 신규상장,메드팩토,235980
2777,2019 하반기 신규상장,태웅로직스,124560
2783,2019 하반기 신규상장,씨에스베어링,297090
2788,2019 하반기 신규상장,레이,228670
2796,2019 하반기 신규상장,일승,333430
2797,2019 하반기 신규상장,한독크린텍,256150
2802,2019 하반기 신규상장,그린플러스,186230
2803,2019 하반기 신규상장,에이에프더블류,312610
2804,2019 하반기 신규상장,녹십자웰빙,234690
2807,2019 하반기 신규상장,자이에스앤디,317400
2809,2019 하반기 신규상장,리메드,302550
2810,2019 하반기 신규상장,누보,332290
2811,2019 하반기 신규상장,세림B&G,340440
2812,2019 하반기 신규상장,에스제이그룹,306040
2813,2019 하반기 신규상장,KBG,318000
2814,2019 하반기 신규상장,NH프라임리츠,338100
2815,2019 하반기 신규상장,엔바이오니아,317870
2817,2019 하반기 신규상장,지누스,13890
2822,2019 하반기 신규상장,롯데리츠,330590
2823,2019 하반기 신규상장,아이비김영,339950
2825,2019 하반기 신규상장,윙스풋,335870
2830,2019 하반기 신규상장,아이티엠반도체,84850
2831,2019 하반기 신규상장,브릿지바이오테라퓨틱스,288330
2832,2019 하반기 신규상장,밸로프,331520
2839,전자파,동일기연,32960
2841,전자파,잉크테크,49550
2859,윤활유,S-Oil,10950
2861,윤활유,한국쉘석유,2960
2862,윤활유,미창석유,3650
2863,윤활유,흥구석유,24060
2865,SSD,KX하이텍,52900
2874,고령화 사회(노인복지),인터로조,119610
2877,고령화 사회(노인복지),HLB제약,47920
2880,고령화 사회(노인복지),엔지켐생명과학,183490
2881,고령화 사회(노인복지),코오롱티슈진,950160
2883,고령화 사회(노인복지),바텍,43150
2884,고령화 사회(노인복지),오스코텍,39200
2887,고령화 사회(노인복지),세운메디칼,100700
2888,고령화 사회(노인복지),대원제약,3220
2890,고령화 사회(노인복지),신흥,4080
2891,고령화 사회(노인복지),씨유메디칼,115480
2892,고령화 사회(노인복지),원익,32940
2893,고령화 사회(노인복지),휴비츠,65510
2896,고령화 사회(노인복지),메타바이오메드,59210
2904,고령화 사회(노인복지),아이센스,99190
2905,고령화 사회(노인복지),퓨쳐켐,220100
2906,고령화 사회(노인복지),앱클론,174900
2908,자동차부품,태양금속,4100
2913,자동차부품,동원금속,18500
2914,자동차부품,영보화학,14440
2915,자동차부품,남선알미늄,8350
2917,자동차부품,SG글로벌,1380
2919,자동차부품,캐스텍코리아,71850
2920,자동차부품,티에이치엔,19180
2926,자동차부품,에코캡,128540
2932,자동차부품,세동,53060
2934,자동차부품,케이비아이동국실업,1620
2935,자동차부품,화신정공,126640
2939,자동차부품,SG&G,40610
2940,자동차부품,서진오토모티브,122690
2944,자동차부품,KB오토시스,24120
2946,자동차부품,구영테크,53270
2950,자동차부품,동양피스톤,92780
2955,자동차부품,대성파인텍,104040
2960,자동차부품,금호에이치티,214330
2962,자동차부품,오스템,31510
2963,자동차부품,일지테크,19540
2964,자동차부품,체시스,33250
2966,자동차부품,엔브이에이치코리아,67570
2968,자동차부품,세종공업,33530
2970,자동차부품,대원산업,5710
2974,자동차부품,에스엘,5850
2975,자동차부품,태원물산,1420
2979,자동차부품,디와이씨,310870
2980,자동차부품,케이엔더블유,105330
2981,자동차부품,클라우드에어,36170
2982,자동차부품,유니크,11320
2984,자동차부품,세원정공,21820
2986,자동차부품,대우부품,9320
2987,자동차부품,효성첨단소재,298050
2988,자동차부품,새론오토모티브,75180
2992,자동차부품,대유에이텍,2880
2993,자동차부품,유성기업,2920
2994,자동차부품,와이엠,7530
2996,자동차부품,두올,16740
2997,자동차부품,세원물산,24830
2999,자동차부품,오리엔트정공,65500
3001,자동차부품,유라테크,48430
3002,자동차부품,SJM,123700
3003,자동차부품,대원강업,430
3004,자동차부품,에스엠벡셀,10580
3005,자동차부품,영화금속,12280
3006,자동차부품,BGF에코머티리얼즈,126600
3007,자동차부품,모토닉,9680
3008,자동차부품,화승알앤에이,378850
3009,자동차부품,DN오토모티브,7340
3011,자동차부품,대유에이피,290120
3013,자동차부품,피에이치에이,43370
3015,자동차부품,HL홀딩스,60980
3017,자동차부품,LX하우시스,108670
3019,자동차부품,풍강,93380
3022,자동차부품,화천기계,10660
3023,자동차부품,이원컴포텍,88290
3024,자동차부품,디젠스,113810
3025,자동차부품,CBI,13720
3026,자동차부품,휴림에이텍,78590
3027,자동차부품,삼원강재,23000
3030,자동차부품,성우하이텍,15750
3031,자동차부품,삼성공조,6660
3032,자동차부품,한국무브넥스,10100
3034,자동차부품,HDC현대EP,89470
3035,자동차부품,핸즈코퍼레이션,143210
3036,자동차부품,인화정공,101930
3039,자동차부품,상신브레이크,41650
3040,자동차부품,에스텍,69510
3041,자동차부품,유니테크노,241690
3046,자동차부품,GH신소재,130500
3048,선박평형수 처리장치,부방,14470
3052,선박평형수 처리장치,한라IMS,92460
3060,비철금속,국일신동,60480
3062,비철금속,이구산업,25820
3069,비철금속,대양금속,9190
3070,비철금속,DI동일,1530
3072,비철금속,대창,12800
3073,비철금속,영풍,670
3075,비철금속,서원,21050
3076,비철금속,조일알미늄,18470
3077,비철금속,삼아알미늄,6110
3080,비철금속,고려아연,10130
3094,재택근무/스마트워크,이씨에스,67010
3096,2차전지,에코앤드림,101360
3104,2차전지,동화기업,25900
3106,2차전지,에코프로비엠,247540
3110,2차전지,애경케미칼,161000
3117,2차전지,이녹스,88390
3129,2차전지,이수스페셜티케미컬,457190
3135,2차전지,켐트로스,220260
3146,2차전지,미코,59090
3148,2차전지,조광페인트,4910
3149,2차전지,에코프로,86520
3163,2차전지,솔브레인홀딩스,36830
3167,2차전지,이엔플러스,74610
3173,2차전지,엠케이전자,33160
3177,2차전지,코이즈,121850
3182,2차전지,후성,93370
3185,2차전지,대주전자재료,78600
3197,2차전지,한농화성,11500
3204,2차전지,코스모화학,5420
3210,2차전지,금양,1570
3213,2차전지,율촌화학,8730
3214,2차전지,동원시스템즈,14820
3219,2차전지,대한유화,6650
3220,2차전지,솔브레인,357780
3222,2차전지,KG케미칼,1390
3234,국내 상장 중국기업,골든센츄리,900280
3237,국내 상장 중국기업,이스트아시아홀딩스,900110
3240,국내 상장 중국기업,크리스탈신소재,900250
3241,국내 상장 중국기업,윙입푸드,900340
3243,국내 상장 중국기업,씨엑스아이,900120
3245,니켈,이상네트웍스,80010
3246,니켈,포스코인터내셔널,47050
3248,니켈,LX인터내셔널,1120
3266,마이크로 LED,루멘스,38060
3267,마이크로 LED,광전자,17900
3274,마이크로 LED,원풍물산,8290
3291,출산장려정책,모나리자,12690
3293,출산장려정책,깨끗한나라,4540
3297,공작기계,SIMPAC,9160
3301,공작기계,와이지-원,19210
3302,공작기계,넥스턴바이오,89140
3305,공작기계,화천기공,850
3307,공작기계,한국정밀기계,101680
3308,공작기계,에이비프로바이오,195990
3315,리모델링/인테리어,에넥스,11090
3316,리모델링/인테리어,라이온켐텍,171120
3319,리모델링/인테리어,유니드비티플러스,446070
3321,리모델링/인테리어,벽산,7210
3322,리모델링/인테리어,이건산업,8250
3323,리모델링/인테리어,삼목에스폼,18310
3324,리모델링/인테리어,한솔홈데코,25750
3325,리모델링/인테리어,한샘,9240
3326,리모델링/인테리어,이건홀딩스,39020
3327,리모델링/인테리어,진양화학,51630
3328,리모델링/인테리어,대림B&Co,5750
3329,리모델링/인테리어,파세코,37070
3330,리모델링/인테리어,KCC글라스,344820
3332,리모델링/인테리어,현대리바트,79430
3333,리모델링/인테리어,SUN&L,2820
3334,리모델링/인테리어,하츠,66130
3335,리모델링/인테리어,KCC,2380
3336,리모델링/인테리어,오하임앤컴퍼니,309930
3339,골프,남화산업,111710
3340,골프,골프존,215000
3342,골프,골프존뉴딘홀딩스,121440
3343,골프,와이엔텍,67900
3344,골프,아난티,25980
3346,골프,브이씨,365900
3347,골프,까스텔바작,308100
3348,골프,휠라홀딩스,81660
3349,골프,베뉴지,19010
3350,골프,한세엠케이,69640
3351,골프,크리스에프앤씨,110790
3352,해저터널(지하화/지하도로 등),LS마린솔루션,60370
3353,해저터널(지하화/지하도로 등),한국선재,25550
3362,그래핀,경인양행,12610
3366,그래핀,휴비스,79980
3381,삼성페이,나이스정보통신,36800
3383,삼성페이,효성,4800
3388,삼성페이,서울전자통신,27040
3392,삼성페이,삼성카드,29780
3400,남북경협,양지사,30960
3403,남북경협,신원,9270
3407,남북경협,경농,2100
3409,남북경협,코데즈컴바인,47770
3410,남북경협,제이에스티나,26040
3420,남북경협,현대엘리베이,17800
3421,남북경협,롯데정밀화학,4000
3423,남북경협,남해화학,25860
3424,남북경협,조비,1550
3429,원자력발전소 해체,우진,105840
3432,원자력발전소 해체,비에이치아이,83650
3433,원자력발전소 해체,에스앤더블류,103230
3436,원자력발전소 해체,한전기술,52690
3438,종합상사,GS글로벌,1250
3440,종합상사,효성티앤씨,298020
3449,탄소나노튜브(CNT),금호석유,11780
3455,맥신(MXene),나노,187790
3457,맥신(MXene),센코,347000
3463,맥신(MXene),이오플로우,294090
3476,2020 하반기 신규상장,고스트스튜디오,950190
3483,2020 하반기 신규상장,브랜드엑스코퍼레이션,337930
3486,2020 하반기 신규상장,더네이쳐홀딩스,298540
3489,2020 하반기 신규상장,아이디피,332370
3490,2020 하반기 신규상장,미코바이오메드,214610
3491,2020 하반기 신규상장,티앤엘,340570
3495,2020 하반기 신규상장,피플바이오,304840
3503,2020 하반기 신규상장,이지스밸류리츠,334890
3505,2020 하반기 신규상장,박셀바이오,323990
3506,2020 하반기 신규상장,에프앤가이드,64850
3508,2020 하반기 신규상장,프리시젼바이오,335810
3509,2020 하반기 신규상장,씨엔알리서치,359090
3510,2020 하반기 신규상장,미래에셋맵스리츠,357250
3511,2020 하반기 신규상장,앱코,129890
3512,2020 하반기 신규상장,포인트모바일,318020
3514,2020 하반기 신규상장,코람코라이프인프라리츠,357120
3516,2020 하반기 신규상장,압타머사이언스,291650
3519,2020 하반기 신규상장,엠브레인,169330
3520,2020 하반기 신규상장,에이플러스에셋,244920
3521,2020 하반기 신규상장,제이알글로벌리츠,348950
3522,2020 하반기 신규상장,이지스레지던스리츠,350520
3525,2020 하반기 신규상장,블리츠웨이,369370
3526,2020 하반기 신규상장,퀀타매트릭스,317690
3529,2020 하반기 신규상장,인바이오,352940
3532,2020 하반기 신규상장,비비씨,318410
3535,2020 하반기 신규상장,석경에이티,357550
3537,2020 하반기 신규상장,카카오게임즈,293490
3538,2020 하반기 신규상장,SK바이오팜,326030
3540,2020 하반기 신규상장,위더스제약,330350
3541,2020 하반기 신규상장,한국파마,32300
3542,2020 하반기 신규상장,소룩스,290690
3544,바이오시밀러(복제 바이오의약품),셀트리온헬스케어,91990
3545,바이오시밀러(복제 바이오의약품),셀트리온,68270
3546,바이오시밀러(복제 바이오의약품),셀트리온제약,68760
3548,바이오시밀러(복제 바이오의약품),에이프로젠바이오로직스,3060
3549,바이오시밀러(복제 바이오의약품),에이프로젠,7460
3550,바이오시밀러(복제 바이오의약품),동아에스티,170900
3551,바이오시밀러(복제 바이오의약품),팬젠,222110
3553,바이오시밀러(복제 바이오의약품),바이넥스,53030
3558,바이오시밀러(복제 바이오의약품),알테오젠,196170
3559,바이오시밀러(복제 바이오의약품),삼성바이오로직스,207940
3561,바이오시밀러(복제 바이오의약품),종근당,185750
3562,바이오시밀러(복제 바이오의약품),한올바이오파마,9420
3563,바이오시밀러(복제 바이오의약품),한미약품,128940
3564,바이오시밀러(복제 바이오의약품),삼천당제약,250
3565,바이오시밀러(복제 바이오의약품),파멥신,208340
3589,플렉서블 디스플레이,코오롱인더,120110
3606,블록체인,유수홀딩스,700
3623,블록체인,위메이드,112040
3626,LED,레이크머티리얼즈,281740
3627,LED,파인테크닉스,106240
3636,LED,우리엔터프라이즈,37400
3645,LED,우리이앤엘,153490
3647,LED,금호전기,1210
3649,LED,태경비케이,14580
3651,LED,파커스,65690
3660,LED,에스폴리텍,50760
3661,LED,서울바이오시스,92190
3744,타이어,다이나믹디자인,145210
3747,타이어,넥센,5720
3748,타이어,금호타이어,73240
3752,타이어,한국타이어앤테크놀로지,161390
3753,타이어,동아타이어,282690
3754,자원개발,에스아이리소스,65420
3759,자원개발,한국가스공사,36460
3761,자원개발,대성산업,128820
3762,자원개발,서울가스,17390
3770,수소차(연료전지/부품/충전소 등),STX중공업,71970
3781,수소차(연료전지/부품/충전소 등),에스에너지,95910
3782,수소차(연료전지/부품/충전소 등),코오롱플라스틱,138490
3805,수소차(연료전지/부품/충전소 등),일진다이아,81000
3810,수소차(연료전지/부품/충전소 등),평화홀딩스,10770
3816,수소차(연료전지/부품/충전소 등),에스퓨얼셀,288620
3818,수소차(연료전지/부품/충전소 등),에코바이오,38870
3824,수소차(연료전지/부품/충전소 등),풍국주정,23900
3827,수소차(연료전지/부품/충전소 등),한화솔루션,9830
3831,수소차(연료전지/부품/충전소 등),효성화학,298000
3833,수소차(연료전지/부품/충전소 등),범한퓨얼셀,382900
3836,수소차(연료전지/부품/충전소 등),두산퓨얼셀,336260
3837,수소차(연료전지/부품/충전소 등),코웰패션,33290
3838,수소차(연료전지/부품/충전소 등),엘티씨,170920
3848,모바일솔루션(스마트폰),키네마스터,139670
3854,모바일솔루션(스마트폰),인지소프트,100030
3862,모바일솔루션(스마트폰),네이블,153460
3864,모바일솔루션(스마트폰),투비소프트,79970
3871,LCD 부품/소재,세진티에스,67770
3878,LCD 부품/소재,신화인터텍,56700
3882,LCD 부품/소재,에스에이엠티,31330
3884,LCD 부품/소재,파인디앤씨,49120
3889,LCD 부품/소재,이엔에프테크놀로지,102710
3892,LCD 부품/소재,일월지엠엘,178780
3893,LCD 부품/소재,티엘아이,62860
3898,LCD 부품/소재,아바텍,149950
3910,LCD 부품/소재,동진쎄미켐,5290
3915,밥솥,쿠쿠홀딩스,192400
3916,밥솥,PN풍년,24940
3918,밥솥,신일전자,2700
3920,수자원(양적/질적 개선),뉴보텍,60260
3922,수자원(양적/질적 개선),에너토크,19990
3930,수자원(양적/질적 개선),티와이홀딩스,363280
3934,수자원(양적/질적 개선),TKG애강,22220
3935,수자원(양적/질적 개선),와토스코리아,79000
3941,수자원(양적/질적 개선),삼성엔지니어링,28050
3943,수자원(양적/질적 개선),대우건설,47040
3950,전기자전거,알톤스포츠,123750
3956,셰일가스(Shale Gas),SK가스,18670
3961,셰일가스(Shale Gas),E1,17940
3977,카카오뱅크(kakao BANK),한세예스24홀딩스,16450
3979,카카오뱅크(kakao BANK),예스24,53280
3980,카카오뱅크(kakao BANK),한국금융지주,71050
3982,카카오뱅크(kakao BANK),KB금융,105560
4006,폴더블폰,원익큐브,14190
4017,반도체 재료/부품,피엠티,147760
4020,반도체 재료/부품,HLB이노베이션,24850
4023,반도체 재료/부품,오킨스전자,80580
4026,반도체 재료/부품,마이크로컨텍솔,98120
4027,반도체 재료/부품,메카로,241770
4034,반도체 재료/부품,3S,60310
4036,반도체 재료/부품,해성디에스,195870
4041,반도체 재료/부품,하나머티리얼즈,166090
4045,반도체 재료/부품,비씨엔씨,146320
4056,반도체 재료/부품,월덱스,101160
4060,반도체 재료/부품,원익QnC,74600
4061,반도체 재료/부품,디엔에프,92070
4062,반도체 재료/부품,ISC,95340
4072,미디어(방송/신문),KNN,58400
4074,미디어(방송/신문),한국경제TV,39340
4075,미디어(방송/신문),티비씨,33830
4078,미디어(방송/신문),디지틀조선,33130
4086,원자력발전,제일테크노스,38010
4090,원자력발전,HRS,36640
4098,원자력발전,태광,23160
4105,원자력발전,일진파워,94820
4112,원자력발전,성광벤드,14620
4118,원자력발전,DL이앤씨,375500
4126,치매,엔케이맥스,182400
4128,치매,진양제약,7370
4130,치매,환인제약,16580
4131,치매,삼성제약,1360
4134,치매,메디프론,65650
4135,치매,SK케미칼,285130
4139,치매,유유제약,220
4140,치매,배럴,267790
4145,치매,젬백스,82270
4148,치매,고려제약,14570
4149,치매,삼진제약,5500
4152,치매,바이오톡스텍,86040
4156,치매,이연제약,102460
4157,치매,보로노이,310210
4158,치매,현대약품,4310
4159,치매,씨티씨바이오,60590
4162,치매,명문제약,17180
4164,치매,대화제약,67080
4166,치매,국전약품,307750
4167,치매,에이비엘바이오,298380
4168,치매,펩트론,87010
4169,치매,피씨엘,241820
4170,치매,신신제약,2800
4171,치매,에스유홀딩스,31860
4173,치매,수젠텍,253840
4185,재난/안전(지진 등),한창,5110
4188,재난/안전(지진 등),동양파일,228340
4203,재난/안전(지진 등),파라텍,33540
4205,태양광에너지,씨엔플러스,115530
4207,태양광에너지,SDN,99220
4209,태양광에너지,파루,43200
4226,태양광에너지,KC코트렐,119650
4234,태양광에너지,KC그린홀딩스,9440
4235,태양광에너지,OCI,456040
4246,태양광에너지,DGP,60900
4248,태양광에너지,대명에너지,389260
4251,제지,해성산업,34810
4252,제지,신풍,2870
4253,제지,무림페이퍼,9200
4254,제지,무림P&P,9580
4255,제지,한국수출포장,2200
4256,제지,페이퍼코리아,1020
4257,제지,무림SP,1810
4258,제지,한국제지,27970
4259,제지,삼정펄프,9770
4260,제지,한창제지,9460
4261,제지,아세아제지,2310
4262,제지,한솔제지,213500
4272,폐배터리,NPC,4250
4280,폐배터리,인선이엔티,60150
4284,조선기자재,HSD엔진,82740
4286,조선기자재,케이에스피,73010
4292,조선기자재,동방선기,99410
4293,조선기자재,세진중공업,75580
4295,조선기자재,상상인인더스트리,101000
4296,조선기자재,케이프,64820
4300,조선기자재,동성화인텍,33500
4309,조선기자재,오리엔탈정공,14940
4311,지주사,엘브이엠씨홀딩스,900140
4312,지주사,웅진,16880
4328,지주사,대상홀딩스,84690
4331,지주사,한솔홀딩스,4150
4333,지주사,이지홀딩스,35810
4335,지주사,세아제강지주,3030
4336,지주사,CR홀딩스,480
4337,지주사,동아쏘시오홀딩스,640
4339,지주사,동국홀딩스,1230
4340,지주사,서연,7860
4341,지주사,영원무역홀딩스,9970
4342,지주사,BGF,27410
4345,지주사,DRB동일,4840
4347,지주사,코스맥스비티아이,44820
4348,지주사,JB금융지주,175330
4349,지주사,대덕,8060
4352,지주사,롯데지주,4990
4353,지주사,CS홀딩스,590
4355,지주사,삼양홀딩스,70
4362,지주사,F&F홀딩스,7700
4363,지주사,미원홀딩스,107590
4365,지주사,CJ,1040
4366,지주사,오리온홀딩스,1800
4368,지주사,한진중공업홀딩스,3480
4369,지주사,AK홀딩스,6840
4372,지주사,신한지주,55550
4373,지주사,농심홀딩스,72710
4374,지주사,진양홀딩스,100250
4375,지주사,동성케미컬,102260
4380,지주사,하나금융지주,86790
4382,지주사,CNH,23460
4383,지주사,코오롱,2020
4384,지주사,KPX홀딩스,92230
4387,지주사,KISCO홀딩스,1940
4388,지주사,우리금융지주,316140
4389,지주사,DGB금융지주,139130
4390,지주사,한일홀딩스,3300
4391,지주사,현대지에프홀딩스,5440
4393,지주사,BNK금융지주,138930
4394,지주사,LX홀딩스,383800
4395,지주사,샘표,7540
4397,지주사,아세아,2030
4398,지주사,예스코홀딩스,15360
4399,지주사,동원산업,6040
4402,지주사,SNT홀딩스,36530
4403,지주사,메리츠금융지주,138040
4404,지주사,아이디스홀딩스,54800
4405,지주사,SJM홀딩스,25530
4410,지주사,제일파마홀딩스,2620
4411,지주사,우리산업홀딩스,72470
4412,지주사,JW홀딩스,96760
4416,지주사,HD현대,267250
4419,지주사,종근당홀딩스,1630
4420,지주사,솔본,35610
4422,지주사,한진칼,180640
4423,지주사,화승엔터프라이즈,241590
4424,지주사,하림지주,3380
4425,지주사,HDC,12630
4427,지주사,유비쿼스홀딩스,78070
4428,지주사,성창기업지주,180
4429,지주사,DL,210
4430,지주사,OCI홀딩스,10060
4431,지주사,노루홀딩스,320
4432,지주사,한미사이언스,8930
4433,지주사,NICE,34310
4434,지주사,대웅,3090
4435,지주사,매일홀딩스,5990
4437,지주사,SK디스커버리,6120
4442,마켓컬리(kurly),케이씨피드,25880
4445,마켓컬리(kurly),팜스코,36580
4450,日제품 불매운동(수혜),BYC,1460
4455,日제품 불매운동(수혜),그리티,204020
4457,日제품 불매운동(수혜),리드코프,12700
4462,日제품 불매운동(수혜),TBH글로벌,84870
4465,日제품 불매운동(수혜),신성통상,5390
4466,日제품 불매운동(수혜),보해양조,890
4550,종합 물류,한솔로지스틱스,9180
4553,종합 물류,현대글로비스,86280
4554,종합 물류,CJ대한통운,120
4555,종합 물류,삼일,32280
4557,종합 물류,인터지스,129260
4558,종합 물류,한익스프레스,14130
4559,종합 물류,유성티엔에스,24800
4561,종합 물류,세방,4360
4562,종합 물류,한진,2320
4563,종합 물류,선광,3100
4564,치아 치료(임플란트 등),덴티움,145720
4565,치아 치료(임플란트 등),덴티스,261200
4571,치아 치료(임플란트 등),디오,39840
4573,치아 치료(임플란트 등),오스테오닉,226400
4574,치아 치료(임플란트 등),나이벡,138610
4575,아프리카 돼지열병(ASF),전진바이오팜,110020
4580,아프리카 돼지열병(ASF),마니커,27740
4581,아프리카 돼지열병(ASF),한일사료,5860
4583,아프리카 돼지열병(ASF),하림,136480
4584,아프리카 돼지열병(ASF),팜스토리,27710
4586,아프리카 돼지열병(ASF),동우팜투테이블,88910
4587,아프리카 돼지열병(ASF),이지바이오,353810
4588,아프리카 돼지열병(ASF),진바이오텍,86060
4589,아프리카 돼지열병(ASF),우성,6980
4591,아프리카 돼지열병(ASF),대한뉴팜,54670
4592,아프리카 돼지열병(ASF),신라에스지,25870
4593,아프리카 돼지열병(ASF),우진비앤지,18620
4595,아프리카 돼지열병(ASF),이글벳,44960
4596,아프리카 돼지열병(ASF),고려시멘트,198440
4597,아프리카 돼지열병(ASF),우리손에프앤지,73560
4599,아프리카 돼지열병(ASF),선진,136490
4600,아프리카 돼지열병(ASF),옵티팜,153710
4602,아프리카 돼지열병(ASF),중앙백신,72020
4603,아프리카 돼지열병(ASF),카나리아바이오,16790
4604,아프리카 돼지열병(ASF),코미팜,41960
4605,아프리카 돼지열병(ASF),대성미생물,36480
4610,LNG(액화천연가스),지역난방공사,71320
4622,LNG(액화천연가스),현대미포조선,10620
4624,LNG(액화천연가스),삼천리,4690
4625,LNG(액화천연가스),삼성중공업,10140
4627,LNG(액화천연가스),케일럼,258610
4633,인터넷은행,현대이지웰,90850
4643,인터넷은행,GS리테일,7070
4644,인터넷은행,한화생명,88350
4647,인터넷은행,NH투자증권,5940
4665,여행,그래디언트,35080
4667,여행,참좋은여행,94850
4669,여행,레드캡투어,38390
4670,여행,노랑풍선,104620
4671,여행,하나투어,39130
4672,여행,모두투어,80160
4673,겨울,영원무역,111770
4674,겨울,동화약품,20
4675,겨울,대성에너지,117580
4677,겨울,경동나비엔,9450
4678,겨울,지에스이,53050
4680,겨울,부스타,8470
4682,겨울,인천도시가스,34590
4686,겨울,경동도시가스,267290
4693,겨울,광동제약,9290
4712,두나무(Dunamu),한화투자증권,3530
4735,온실가스(탄소배출권),SGC에너지,5090
4740,온실가스(탄소배출권),에코프로에이치엔,383310
4743,온실가스(탄소배출권),그린케미칼,83420
4746,온실가스(탄소배출권),TKG휴켐스,69260
4748,온실가스(탄소배출권),유니드,14830
4761,풍력에너지,씨에스윈드,112610
4766,풍력에너지,유니슨,18000
4767,풍력에너지,동국S&C,100130
4788,2019 상반기 신규상장,셀리드,299660
4790,2019 상반기 신규상장,마이크로디지탈,305090
4792,2019 상반기 신규상장,압타바이오,293780
4797,2019 상반기 신규상장,이노테라피,246960
4799,2019 상반기 신규상장,웹케시,53580
4803,2019 상반기 신규상장,엠에프엠코리아,323230
4804,2019 상반기 신규상장,TS트릴리온,317240
4807,줄기세포,에스메디,118000
4808,줄기세포,바이오솔루션,86820
4809,줄기세포,HLB,28300
4811,줄기세포,HLB생명과학,67630
4814,줄기세포,코아스템켐온,166480
4817,줄기세포,안트로젠,65660
4823,줄기세포,테고사이언스,191420
4827,조림사업,제이씨케미칼,137950
4836,조림사업,효성오앤비,97870
4838,구제역/광우병 수혜,사조산업,7160
4844,구제역/광우병 수혜,사조오양,6090
4845,구제역/광우병 수혜,한성기업,3680
4849,구제역/광우병 수혜,신라교역,4970
4851,구제역/광우병 수혜,동원수산,30720
4852,구제역/광우병 수혜,CJ씨푸드,11150
4855,구제역/광우병 수혜,사조대림,3960
4879,스마트홈(홈네트워크),위닉스,44340
4882,스마트홈(홈네트워크),엠젠솔루션,32790
4893,화학섬유,티케이케미칼,104480
4894,화학섬유,대한화섬,3830
4899,화학섬유,성안,11300
4922,태블릿PC,리튬포어스,73570
4927,황사/미세먼지,크린앤사이언스,45520
4938,황사/미세먼지,롯데하이마트,71840
4939,황사/미세먼지,삼일제약,520
4940,황사/미세먼지,옵투스제약,131030
4944,황사/미세먼지,안국약품,1540
4945,황사/미세먼지,케이엠,83550
4948,황사/미세먼지,위니아,71460
4956,사료,대주산업,3310
4961,사료,고려산업,2140
4969,사료,애드바이오텍,179530
4990,환율하락 수혜,아시아나항공,20560
5014,항공/저가 항공사(LCC),에어부산,298690
5015,항공/저가 항공사(LCC),진에어,272450
5017,항공/저가 항공사(LCC),티웨이항공,91810
5019,항공/저가 항공사(LCC),티웨이홀딩스,4870
5023,면세점,글로벌텍스프리,204620
5026,면세점,호텔신라,8770
5027,면세점,JTC,950170
5028,면세점,신세계,4170
5029,면세점,현대백화점,69960
5039,수산,사조씨푸드,14710
